level_0,Date_reported,AFRO,AMRO,EMRO,EURO,Other,SEARO,WPRO,MA_AFRO,MA_AMRO,MA_EMRO,MA_EURO,MA_SEARO,MA_WPRO
New_cases,2020-01-03,0.0,0,0,0.0,0,0,0,0.0,0.0,0.0,0.0,0.0,0.0
New_cases,2020-01-04,0.0,0,0,0.0,0,0,1,0.0,0.0,0.0,0.0,0.0,0.5
New_cases,2020-01-05,0.0,0,0,0.0,0,0,0,0.0,0.0,0.0,0.0,0.0,0.3333333333333333
New_cases,2020-01-06,0.0,0,0,0.0,0,0,3,0.0,0.0,0.0,0.0,0.0,1.0
New_cases,2020-01-07,0.0,0,0,0.0,0,0,0,0.0,0.0,0.0,0.0,0.0,0.8
New_cases,2020-01-08,0.0,0,0,0.0,0,0,0,0.0,0.0,0.0,0.0,0.0,0.6666666666666666
New_cases,2020-01-09,0.0,0,0,0.0,0,0,0,0.0,0.0,0.0,0.0,0.0,0.5714285714285714
New_cases,2020-01-10,0.0,0,0,0.0,0,0,0,0.0,0.0,0.0,0.0,0.0,0.5714285714285714
New_cases,2020-01-11,0.0,0,0,0.0,0,0,41,0.0,0.0,0.0,0.0,0.0,6.285714285714286
New_cases,2020-01-12,0.0,0,0,0.0,0,0,0,0.0,0.0,0.0,0.0,0.0,6.285714285714286
New_cases,2020-01-13,0.0,0,0,0.0,0,5,0,0.0,0.0,0.0,0.0,0.7142857142857143,5.857142857142857
New_cases,2020-01-14,0.0,0,0,0.0,0,0,1,0.0,0.0,0.0,0.0,0.7142857142857143,6.0
New_cases,2020-01-15,0.0,0,0,0.0,0,0,0,0.0,0.0,0.0,0.0,0.7142857142857143,6.0
New_cases,2020-01-16,0.0,0,0,0.0,0,0,0,0.0,0.0,0.0,0.0,0.7142857142857143,6.0
New_cases,2020-01-17,0.0,0,0,0.0,0,1,4,0.0,0.0,0.0,0.0,0.8571428571428571,6.571428571428571
New_cases,2020-01-18,0.0,0,0,0.0,0,0,17,0.0,0.0,0.0,0.0,0.8571428571428571,3.142857142857143
New_cases,2020-01-19,0.0,0,0,0.0,0,0,64,0.0,0.0,0.0,0.0,0.8571428571428571,12.285714285714286
New_cases,2020-01-20,0.0,5,0,0.0,0,0,77,0.0,0.7142857142857143,0.0,0.0,0.14285714285714285,23.285714285714285
New_cases,2020-01-21,0.0,0,0,0.0,0,0,93,0.0,0.7142857142857143,0.0,0.0,0.14285714285714285,36.42857142857143
New_cases,2020-01-22,0.0,0,0,0.0,0,2,152,0.0,0.7142857142857143,0.0,0.0,0.42857142857142855,58.142857142857146
New_cases,2020-01-23,0.0,0,0,0.0,0,5,136,0.0,0.7142857142857143,0.0,0.0,1.1428571428571428,77.57142857142857
New_cases,2020-01-24,0.0,1,0,3.0,0,0,271,0.0,0.8571428571428571,0.0,0.42857142857142855,1.0,115.71428571428571
New_cases,2020-01-25,0.0,0,0,0.0,0,0,477,0.0,0.8571428571428571,0.0,0.42857142857142855,1.0,181.42857142857142
New_cases,2020-01-26,0.0,8,0,0.0,0,1,693,0.0,2.0,0.0,0.42857142857142855,1.1428571428571428,271.2857142857143
New_cases,2020-01-27,0.0,1,0,0.0,0,8,784,0.0,1.4285714285714286,0.0,0.42857142857142855,2.2857142857142856,372.2857142857143
New_cases,2020-01-28,0.0,1,0,1.0,0,6,1778,0.0,1.5714285714285714,0.0,0.5714285714285714,3.142857142857143,613.0
New_cases,2020-01-29,0.0,0,8,7.0,0,0,1470,0.0,1.5714285714285714,1.1428571428571428,1.5714285714285714,2.857142857142857,801.2857142857143
New_cases,2020-01-30,0.0,1,0,1.0,0,5,1763,0.0,1.7142857142857142,1.1428571428571428,1.7142857142857142,2.857142857142857,1033.7142857142858
New_cases,2020-01-31,0.0,2,0,5.0,0,5,1999,0.0,1.8571428571428572,1.1428571428571428,2.0,3.5714285714285716,1280.5714285714287
New_cases,2020-02-01,0.0,1,1,5.0,0,0,2112,0.0,2.0,1.2857142857142858,2.7142857142857144,3.5714285714285716,1514.142857142857
New_cases,2020-02-02,0.0,0,0,23.0,0,1,2594,0.0,0.8571428571428571,1.2857142857142858,6.0,3.5714285714285716,1785.7142857142858
New_cases,2020-02-03,0.0,3,0,1.0,0,1,2828,0.0,1.1428571428571428,1.2857142857142858,6.142857142857143,2.5714285714285716,2077.714285714286
New_cases,2020-02-04,0.0,0,0,3.0,0,6,3249,0.0,1.0,1.2857142857142858,6.428571428571429,2.5714285714285716,2287.8571428571427
New_cases,2020-02-05,0.0,1,0,1.0,14,0,3903,0.0,1.1428571428571428,0.14285714285714285,5.571428571428571,2.5714285714285716,2635.4285714285716
New_cases,2020-02-06,0.0,1,0,0.0,10,0,3709,0.0,1.1428571428571428,0.14285714285714285,5.428571428571429,1.8571428571428572,2913.4285714285716
New_cases,2020-02-07,0.0,2,0,2.0,41,0,3156,0.0,1.1428571428571428,0.14285714285714285,5.0,1.1428571428571428,3078.714285714286
New_cases,2020-02-08,0.0,0,2,6.0,3,7,3396,0.0,1.0,0.2857142857142857,5.142857142857143,2.142857142857143,3262.1428571428573
New_cases,2020-02-09,0.0,0,0,0.0,6,0,2662,0.0,1.0,0.2857142857142857,1.8571428571428572,2.0,3271.8571428571427
New_cases,2020-02-10,0.0,0,1,4.0,65,0,2988,0.0,0.5714285714285714,0.42857142857142855,2.2857142857142856,1.8571428571428572,3294.714285714286
New_cases,2020-02-11,0.0,1,0,2.0,0,1,2478,0.0,0.7142857142857143,0.42857142857142855,2.142857142857143,1.1428571428571428,3184.5714285714284
New_cases,2020-02-12,0.0,0,0,2.0,39,0,2026,0.0,0.5714285714285714,0.42857142857142855,2.2857142857142856,1.1428571428571428,2916.4285714285716
New_cases,2020-02-13,0.0,2,0,1.0,44,0,15166,0.0,0.7142857142857143,0.42857142857142855,2.4285714285714284,1.1428571428571428,4553.142857142857
New_cases,2020-02-14,0.0,0,5,5.0,0,0,4067,0.0,0.42857142857142855,1.1428571428571428,2.857142857142857,1.1428571428571428,4683.285714285715
New_cases,2020-02-15,0.0,0,0,0.0,67,1,2664,0.0,0.42857142857142855,0.8571428571428571,2.0,0.2857142857142857,4578.714285714285
New_cases,2020-02-16,0.0,0,1,0.0,70,0,2018,0.0,0.42857142857142855,1.0,2.0,0.2857142857142857,4486.714285714285
New_cases,2020-02-17,0.0,1,0,1.0,99,1,2060,0.0,0.5714285714285714,0.8571428571428571,1.5714285714285714,0.42857142857142855,4354.142857142857
New_cases,2020-02-18,0.0,0,0,0.0,88,0,1905,0.0,0.42857142857142855,0.8571428571428571,1.2857142857142858,0.2857142857142857,4272.285714285715
New_cases,2020-02-19,0.0,0,6,0.0,79,0,1775,0.0,0.42857142857142855,1.7142857142857142,1.0,0.2857142857142857,4236.428571428572
New_cases,2020-02-20,0.0,0,3,0.0,13,0,470,0.0,0.14285714285714285,2.142857142857143,0.8571428571428571,0.2857142857142857,2137.0
New_cases,2020-02-21,0.0,19,20,1.0,0,0,1007,0.0,2.857142857142857,4.285714285714286,0.2857142857142857,0.2857142857142857,1699.857142857143
New_cases,2020-02-22,0.0,2,12,14.0,0,0,1088,0.0,3.142857142857143,6.0,2.2857142857142856,0.14285714285714285,1474.7142857142858
New_cases,2020-02-23,0.0,0,15,63.0,57,0,831,0.0,3.142857142857143,8.0,11.285714285714286,0.14285714285714285,1305.142857142857
New_cases,2020-02-24,0.0,19,49,55.0,0,0,465,0.0,5.714285714285714,15.0,19.0,0.0,1077.2857142857142
New_cases,2020-02-25,5.0,0,59,101.0,0,2,664,0.7142857142857143,5.714285714285714,23.428571428571427,33.42857142857143,0.2857142857142857,900.0
New_cases,2020-02-26,0.0,12,84,115.0,4,3,726,0.7142857142857143,7.428571428571429,34.57142857142857,49.857142857142854,0.7142857142857143,750.1428571428571
New_cases,2020-02-27,0.0,0,133,101.0,0,0,951,0.7142857142857143,7.428571428571429,53.142857142857146,64.28571428571429,0.7142857142857143,818.8571428571429
New_cases,2020-02-28,5.0,12,153,338.0,0,1,930,1.4285714285714286,6.428571428571429,72.14285714285714,112.42857142857143,0.8571428571428571,807.8571428571429
New_cases,2020-02-29,0.0,5,222,330.0,0,1,1278,1.4285714285714286,6.857142857142857,102.14285714285714,157.57142857142858,1.0,835.0
New_cases,2020-03-01,0.0,6,13,419.0,1,0,1171,1.4285714285714286,7.714285714285714,101.85714285714286,208.42857142857142,1.0,883.5714285714286
New_cases,2020-03-02,7.0,30,964,692.0,0,9,724,2.4285714285714284,9.285714285714286,232.57142857142858,299.42857142857144,2.2857142857142856,920.5714285714286
New_cases,2020-03-03,2.0,58,853,563.0,0,0,754,2.0,17.571428571428573,346.0,365.42857142857144,2.0,933.4285714285714
New_cases,2020-03-04,10.0,22,595,774.0,0,22,639,3.4285714285714284,19.0,419.0,459.57142857142856,4.714285714285714,921.0
New_cases,2020-03-05,5.0,25,613,1071.0,0,5,674,4.142857142857143,22.571428571428573,487.57142857142856,598.1428571428571,5.428571428571429,881.4285714285714
New_cases,2020-03-06,11.0,99,1278,1520.0,0,7,734,5.0,35.0,648.2857142857143,767.0,6.285714285714286,853.4285714285714
New_cases,2020-03-07,6.0,48,1147,1853.0,0,11,675,5.857142857142857,41.142857142857146,780.4285714285714,984.5714285714286,7.714285714285714,767.2857142857143
New_cases,2020-03-08,1.0,27,795,2216.0,0,16,494,6.0,44.142857142857146,892.1428571428571,1241.2857142857142,10.0,670.5714285714286
New_cases,2020-03-09,4.0,283,648,2608.0,0,5,416,5.571428571428571,80.28571428571429,847.0,1515.0,9.428571428571429,626.5714285714286
New_cases,2020-03-10,4.0,250,946,3295.0,0,24,177,5.857142857142857,107.71428571428571,860.2857142857143,1905.2857142857142,12.857142857142858,544.1428571428571
New_cases,2020-03-11,11.0,58,1340,3247.0,0,27,412,6.0,112.85714285714286,966.7142857142857,2258.5714285714284,13.571428571428571,511.7142857142857
New_cases,2020-03-12,26.0,343,1109,5905.0,0,33,339,9.0,158.28571428571428,1037.5714285714287,2949.1428571428573,17.571428571428573,463.85714285714283
New_cases,2020-03-13,7.0,490,1313,7507.0,1,47,127,8.428571428571429,214.14285714285714,1042.5714285714287,3804.4285714285716,23.285714285714285,377.14285714285717
New_cases,2020-03-14,104.0,568,1656,7830.0,0,7,367,22.428571428571427,288.42857142857144,1115.2857142857142,4658.285714285715,22.714285714285715,333.14285714285717
New_cases,2020-03-15,37.0,248,1381,9783.0,15,119,361,27.571428571428573,320.0,1199.0,5739.285714285715,37.42857142857143,314.14285714285717
New_cases,2020-03-16,34.0,209,1151,9179.0,0,108,526,31.857142857142858,309.42857142857144,1270.857142857143,6678.0,52.142857142857146,329.85714285714283
New_cases,2020-03-17,50.0,2251,1552,11504.0,0,63,316,38.42857142857143,595.2857142857143,1357.4285714285713,7850.714285714285,57.714285714285715,349.7142857142857
New_cases,2020-03-18,144.0,4208,1446,12684.0,0,119,488,57.42857142857143,1188.142857142857,1372.5714285714287,9198.857142857143,70.85714285714286,360.57142857142856
New_cases,2020-03-19,114.0,4008,1249,15742.0,0,241,942,70.0,1711.7142857142858,1392.5714285714287,10604.142857142857,100.57142857142857,446.7142857142857
New_cases,2020-03-20,76.0,5586,1540,23364.0,-4,61,711,79.85714285714286,2439.714285714286,1425.0,12869.42857142857,102.57142857142857,530.1428571428571
New_cases,2020-03-21,119.0,800,1314,23785.0,0,278,750,82.0,2472.8571428571427,1376.142857142857,15148.714285714286,141.28571428571428,584.8571428571429
New_cases,2020-03-22,51.0,0,1492,24377.0,0,310,91,84.0,2437.4285714285716,1392.0,17233.571428571428,168.57142857142858,546.2857142857143
New_cases,2020-03-23,178.0,17328,1817,22400.0,0,305,1101,104.57142857142857,4883.0,1487.142857142857,19122.285714285714,196.71428571428572,628.4285714285714
New_cases,2020-03-24,304.0,23743,2377,26507.0,0,205,1097,140.85714285714286,7953.285714285715,1605.0,21265.571428571428,217.0,740.0
New_cases,2020-03-25,351.0,0,2892,27715.0,0,411,1141,170.42857142857142,7352.142857142857,1811.5714285714287,23412.85714285714,258.7142857142857,833.2857142857143
New_cases,2020-03-26,566.0,20353,2827,33670.0,0,264,920,235.0,9687.142857142857,2037.0,25974.0,262.0,830.1428571428571
New_cases,2020-03-27,203.0,0,3520,38599.0,0,329,896,253.14285714285714,8889.142857142857,2319.8571428571427,28150.428571428572,300.2857142857143,856.5714285714286
New_cases,2020-03-28,406.0,19177,3813,40222.0,0,0,1682,294.14285714285717,11514.42857142857,2676.8571428571427,30498.571428571428,260.57142857142856,989.7142857142857
New_cases,2020-03-29,205.0,20484,3492,37510.0,0,759,1073,316.14285714285717,14440.714285714286,2962.5714285714284,32374.714285714286,324.7142857142857,1130.0
New_cases,2020-03-30,484.0,21287,3841,31613.0,0,367,1412,359.85714285714283,15006.285714285714,3251.714285714286,33690.857142857145,333.57142857142856,1174.4285714285713
New_cases,2020-03-31,303.0,20925,3986,30981.0,0,427,867,359.7142857142857,14603.714285714286,3481.5714285714284,34330.0,365.2857142857143,1141.5714285714287
New_cases,2020-04-01,293.0,25737,3740,41728.0,0,682,1753,351.42857142857144,18280.428571428572,3602.714285714286,36331.857142857145,404.0,1229.0
New_cases,2020-04-02,620.0,28163,3944,39202.0,0,556,805,359.14285714285717,19396.14285714286,3762.285714285714,37122.142857142855,445.7142857142857,1212.5714285714287
New_cases,2020-04-03,560.0,30561,3948,37727.0,0,648,1431,410.14285714285717,23762.0,3823.4285714285716,36997.57142857143,491.2857142857143,1289.0
New_cases,2020-04-04,719.0,32068,3652,41085.0,0,813,1321,454.85714285714283,25603.571428571428,3800.4285714285716,37120.857142857145,607.4285714285714,1237.4285714285713
New_cases,2020-04-05,393.0,36171,4059,38785.0,0,784,1019,481.7142857142857,27844.571428571428,3881.4285714285716,37303.0,611.0,1229.7142857142858
New_cases,2020-04-06,338.0,36878,4282,29954.0,0,1007,1180,460.85714285714283,30071.85714285714,3944.4285714285716,37066.0,702.4285714285714,1196.5714285714287
New_cases,2020-04-07,414.0,31650,3651,30428.0,0,685,1066,476.7142857142857,31604.0,3896.5714285714284,36987.0,739.2857142857143,1225.0
New_cases,2020-04-08,501.0,33174,3903,35239.0,0,1242,1148,506.42857142857144,32666.428571428572,3919.8571428571427,36060.0,819.2857142857143,1138.5714285714287
New_cases,2020-04-09,666.0,37294,2969,39552.0,0,1097,1268,513.0,33970.857142857145,3780.5714285714284,36110.0,896.5714285714286,1204.7142857142858
New_cases,2020-04-10,452.0,38453,3589,40886.0,0,916,1190,497.57142857142856,35098.28571428572,3729.285714285714,36561.28571428572,934.8571428571429,1170.2857142857142
New_cases,2020-04-11,551.0,43483,4108,39662.0,0,1477,1599,473.57142857142856,36729.0,3794.4285714285716,36358.0,1029.7142857142858,1210.0
New_cases,2020-04-12,388.0,37263,3120,35328.0,0,1496,1518,472.85714285714283,36885.0,3660.285714285714,35864.142857142855,1131.4285714285713,1281.2857142857142
New_cases,2020-04-13,531.0,36804,4011,29306.0,0,1340,1345,500.42857142857144,36874.42857142857,3621.5714285714284,35771.57142857143,1179.0,1304.857142857143
New_cases,2020-04-14,527.0,34244,3709,28060.0,0,1769,1398,516.5714285714286,37245.0,3629.8571428571427,35433.28571428572,1333.857142857143,1352.2857142857142
New_cases,2020-04-15,580.0,28403,3672,34007.0,0,1650,1097,527.8571428571429,36563.42857142857,3596.8571428571427,35257.28571428572,1392.142857142857,1345.0
New_cases,2020-04-16,477.0,33761,4819,33284.0,0,1721,1572,500.85714285714283,36058.71428571428,3861.1428571428573,34361.857142857145,1481.2857142857142,1388.4285714285713
New_cases,2020-04-17,517.0,36486,4312,36974.0,0,1713,1816,510.14285714285717,35777.71428571428,3964.4285714285716,33803.0,1595.142857142857,1477.857142857143
New_cases,2020-04-18,744.0,40664,4728,33866.0,0,1690,1661,537.7142857142857,35375.0,4053.0,32975.0,1625.5714285714287,1486.7142857142858
New_cases,2020-04-19,788.0,37589,4555,34912.0,0,2047,1901,594.8571428571429,35421.57142857143,4258.0,32915.57142857143,1704.2857142857142,1541.4285714285713
New_cases,2020-04-20,868.0,35971,4681,27456.0,0,2290,1286,643.0,35302.57142857143,4353.714285714285,32651.285714285714,1840.0,1533.0
New_cases,2020-04-21,795.0,35288,5488,28617.0,0,2231,2070,681.2857142857143,35451.71428571428,4607.857142857143,32730.85714285714,1906.0,1629.0
New_cases,2020-04-22,560.0,32150,4584,31858.0,0,2091,1761,678.4285714285714,35987.0,4738.142857142857,32423.85714285714,1969.0,1723.857142857143
New_cases,2020-04-23,714.0,32111,5242,30314.0,0,2232,1640,712.2857142857143,35751.28571428572,4798.571428571428,31999.571428571428,2042.0,1733.5714285714287
New_cases,2020-04-24,1404.0,37990,5349,32120.0,0,2714,1873,839.0,35966.142857142855,4946.714285714285,31306.14285714286,2185.0,1741.7142857142858
New_cases,2020-04-25,1263.0,52138,5308,31240.0,0,2266,1684,913.1428571428571,37605.28571428572,5029.571428571428,30931.0,2267.285714285714,1745.0
New_cases,2020-04-26,819.0,47338,6212,28776.0,0,2793,1170,917.5714285714286,38998.0,5266.285714285715,30054.428571428572,2373.8571428571427,1640.5714285714287
New_cases,2020-04-27,1154.0,45674,5232,23227.0,0,2206,1483,958.4285714285714,40384.142857142855,5345.0,29450.285714285714,2361.8571428571427,1668.7142857142858
New_cases,2020-04-28,767.0,39087,5282,23224.0,0,2610,1265,954.4285714285714,40926.857142857145,5315.571428571428,28679.85714285714,2416.0,1553.7142857142858
New_cases,2020-04-29,1017.0,33481,5236,23573.0,0,2858,1063,1019.7142857142857,41117.0,5408.714285714285,27496.285714285714,2525.5714285714284,1454.0
New_cases,2020-04-30,1460.0,33102,6437,28367.0,0,2806,1293,1126.2857142857142,41258.57142857143,5579.428571428572,27218.14285714286,2607.5714285714284,1404.4285714285713
New_cases,2020-05-01,1950.0,45727,6386,28312.0,0,3094,1095,1204.2857142857142,42363.857142857145,5727.571428571428,26674.14285714286,2661.8571428571427,1293.2857142857142
New_cases,2020-05-02,1310.0,48674,5197,27193.0,0,3191,1568,1211.0,41869.0,5711.714285714285,26096.0,2794.0,1276.7142857142858
New_cases,2020-05-03,1463.0,44050,6865,26084.0,0,3714,1037,1303.0,41399.28571428572,5805.0,25711.428571428572,2925.5714285714284,1257.7142857142858
New_cases,2020-05-04,1098.0,49115,5551,23863.0,0,3685,1331,1295.0,41890.857142857145,5850.571428571428,25802.285714285714,3136.8571428571427,1236.0
New_cases,2020-05-05,2036.0,43691,8272,21283.0,0,5251,1095,1476.2857142857142,42548.57142857143,6277.714285714285,25525.0,3514.1428571428573,1211.7142857142858
New_cases,2020-05-06,1403.0,29701,7073,26138.0,0,4210,1015,1531.4285714285713,42008.57142857143,6540.142857142857,25891.428571428572,3707.285714285714,1204.857142857143
New_cases,2020-05-07,1497.0,35681,8498,30009.0,0,4635,1317,1536.7142857142858,42377.0,6834.571428571428,26126.0,3968.5714285714284,1208.2857142857142
New_cases,2020-05-08,2247.0,43300,8626,26482.0,0,4517,1247,1579.142857142857,42030.28571428572,7154.571428571428,25864.571428571428,4171.857142857143,1230.0
New_cases,2020-05-09,2827.0,50613,7717,26395.0,0,4608,1096,1795.857142857143,42307.28571428572,7514.571428571428,25750.571428571428,4374.285714285715,1162.5714285714287
New_cases,2020-05-10,2082.0,44506,11162,24716.0,0,4611,1118,1884.2857142857142,42372.42857142857,8128.428571428572,25555.14285714286,4502.428571428572,1174.142857142857
New_cases,2020-05-11,1907.0,47845,8458,21283.0,0,5567,1248,1999.857142857143,42191.0,8543.714285714286,25186.571428571428,4771.285714285715,1162.2857142857142
New_cases,2020-05-12,2296.0,38391,10383,20035.0,0,5199,962,2037.0,41433.857142857145,8845.285714285714,25008.285714285714,4763.857142857143,1143.2857142857142
New_cases,2020-05-13,2600.0,32124,9700,24556.0,0,5459,1329,2208.0,41780.0,9220.57142857143,24782.285714285714,4942.285714285715,1188.142857142857
New_cases,2020-05-14,2323.0,41369,11012,22009.0,0,5430,1081,2326.0,42592.57142857143,9579.714285714286,23639.428571428572,5055.857142857143,1154.4285714285713
New_cases,2020-05-15,2438.0,44331,10280,24301.0,0,5741,1268,2353.285714285714,42739.857142857145,9816.0,23327.85714285714,5230.714285714285,1157.4285714285713
New_cases,2020-05-16,2271.0,51265,10319,21476.0,0,5536,1427,2273.8571428571427,42833.0,10187.714285714286,22625.14285714286,5363.285714285715,1204.7142857142858
New_cases,2020-05-17,2202.0,53172,12033,21483.0,0,5516,778,2291.0,44071.0,10312.142857142857,22163.285714285714,5492.571428571428,1156.142857142857
New_cases,2020-05-18,2500.0,60033,11188,17738.0,0,8714,969,2375.714285714286,45812.142857142855,10702.142857142857,21656.85714285714,5942.142857142857,1116.2857142857142
New_cases,2020-05-19,2358.0,33110,12808,18387.0,0,6840,454,2384.5714285714284,45057.71428571428,11048.57142857143,21421.428571428572,6176.571428571428,1043.7142857142858
New_cases,2020-05-20,2435.0,47199,12437,19725.0,0,7999,777,2361.0,47211.28571428572,11439.57142857143,20731.285714285714,6539.428571428572,964.8571428571429
New_cases,2020-05-21,2391.0,59226,13069,21838.0,0,8439,1168,2370.714285714286,49762.28571428572,11733.42857142857,20706.85714285714,6969.285714285715,977.2857142857143
New_cases,2020-05-22,3405.0,53741,4988,19906.0,0,8493,789,2508.8571428571427,51106.57142857143,10977.42857142857,20079.0,7362.428571428572,908.8571428571429
New_cases,2020-05-23,2504.0,59909,13423,19719.0,29,9632,755,2542.1428571428573,52341.42857142857,11420.857142857143,19828.0,7947.571428571428,812.8571428571429
New_cases,2020-05-24,3039.0,59312,12885,18584.0,0,8919,925,2661.714285714286,53218.57142857143,11542.57142857143,19413.85714285714,8433.714285714286,833.8571428571429
New_cases,2020-05-25,2707.0,59178,12026,17196.0,0,9661,927,2691.285714285714,53096.42857142857,11662.285714285714,19336.428571428572,8569.0,827.8571428571429
New_cases,2020-05-26,3042.0,48252,11068,16927.0,0,8310,878,2789.0,55259.57142857143,11413.714285714286,19127.85714285714,8779.0,888.4285714285714
New_cases,2020-05-27,2771.0,51406,10690,16889.0,0,8946,1014,2837.0,55860.57142857143,11164.142857142857,18722.714285714286,8914.285714285714,922.2857142857143
New_cases,2020-05-28,3777.0,51696,12251,18193.0,0,9528,1062,3035.0,54784.857142857145,11047.285714285714,18202.0,9069.857142857143,907.1428571428571
New_cases,2020-05-29,3337.0,59891,13580,22232.0,0,10944,1047,3025.285714285714,55663.42857142857,12274.714285714286,18534.285714285714,9420.0,944.0
New_cases,2020-05-30,3973.0,66016,14503,19733.0,0,10641,1926,3235.1428571428573,56535.857142857145,12429.0,18536.285714285714,9564.142857142857,1111.2857142857142
New_cases,2020-05-31,3708.0,63041,15076,20033.0,0,11913,2081,3330.714285714286,57068.57142857143,12742.0,18743.285714285714,9991.857142857143,1276.4285714285713
New_cases,2020-06-01,3632.0,78959,15140,16328.0,0,8497,671,3462.8571428571427,59894.42857142857,13186.857142857143,18619.285714285714,9825.57142857143,1239.857142857143
New_cases,2020-06-02,3879.0,64718,16006,15295.0,0,11333,1107,3582.4285714285716,62246.71428571428,13892.285714285714,18386.14285714286,10257.42857142857,1272.5714285714287
New_cases,2020-06-03,3365.0,44023,16344,15662.0,0,12775,1053,3667.285714285714,61192.0,14700.0,18210.85714285714,10804.42857142857,1278.142857142857
New_cases,2020-06-04,4153.0,73369,17526,18435.0,0,12977,1495,3721.0,64288.142857142855,15453.57142857143,18245.428571428572,11297.142857142857,1340.0
New_cases,2020-06-05,5465.0,61693,17078,18999.0,0,13266,1540,4025.0,64545.57142857143,15953.285714285714,17783.571428571428,11628.857142857143,1410.4285714285713
New_cases,2020-06-06,5457.0,70853,17906,19179.0,0,13714,637,4237.0,65236.57142857143,16439.428571428572,17704.428571428572,12067.857142857143,1226.2857142857142
New_cases,2020-06-07,4763.0,79505,18652,18040.0,0,13965,1206,4387.714285714285,67588.57142857143,16950.285714285714,17419.714285714286,12361.0,1101.2857142857142
New_cases,2020-06-08,4088.0,76512,17751,18226.0,0,13654,1039,4452.857142857143,67239.0,17323.285714285714,17690.85714285714,13097.714285714286,1153.857142857143
New_cases,2020-06-09,5086.0,54864,17171,16257.0,0,13922,1060,4625.285714285715,65831.28571428571,17489.714285714286,17828.285714285714,13467.57142857143,1147.142857142857
New_cases,2020-06-10,4789.0,48923,18749,17103.0,0,14556,843,4828.714285714285,66531.28571428571,17833.285714285714,18034.14285714286,13722.0,1117.142857142857
New_cases,2020-06-11,4795.0,70071,19472,18382.0,0,14740,1292,4920.428571428572,66060.14285714286,18111.285714285714,18026.571428571428,13973.857142857143,1088.142857142857
New_cases,2020-06-12,5680.0,75346,19912,19591.0,0,15411,1017,4951.142857142857,68010.57142857143,18516.14285714286,18111.14285714286,14280.285714285714,1013.4285714285714
New_cases,2020-06-13,5492.0,77934,20885,18971.0,0,16523,1228,4956.142857142857,69022.14285714286,18941.714285714286,18081.428571428572,14681.57142857143,1097.857142857143
New_cases,2020-06-14,6312.0,73243,20905,19672.0,0,16091,1149,5177.428571428572,68127.57142857143,19263.571428571428,18314.571428571428,14985.285714285714,1089.7142857142858
New_cases,2020-06-15,7937.0,69770,19669,17647.0,0,15953,1131,5727.285714285715,67164.42857142857,19537.571428571428,18231.85714285714,15313.714285714286,1102.857142857143
New_cases,2020-06-16,6400.0,60071,18552,16922.0,0,15281,927,5915.0,67908.28571428571,19734.85714285714,18326.85714285714,15507.857142857143,1083.857142857143
New_cases,2020-06-17,5722.0,58250,20685,17695.0,0,16361,664,6048.285714285715,69240.71428571429,20011.428571428572,18411.428571428572,15765.714285714286,1058.2857142857142
New_cases,2020-06-18,6914.0,115527,20042,19431.0,0,18548,876,6351.0,75734.42857142857,20092.85714285714,18561.285714285714,16309.714285714286,998.8571428571429
New_cases,2020-06-19,6639.0,77140,19157,19349.0,0,19459,1027,6488.0,75990.71428571429,19985.0,18526.714285714286,16888.0,1000.2857142857143
New_cases,2020-06-20,7357.0,71287,21773,19887.0,0,19244,1001,6754.428571428572,75041.14285714286,20111.85714285714,18657.571428571428,17276.714285714286,967.8571428571429
New_cases,2020-06-21,8464.0,116041,18966,19775.0,0,20248,1370,7061.857142857143,81155.14285714286,19834.85714285714,18672.285714285714,17870.571428571428,999.4285714285714
New_cases,2020-06-22,7664.0,90667,17233,17069.0,0,19658,1051,7022.857142857143,84140.42857142857,19486.85714285714,18589.714285714286,18399.85714285714,988.0
New_cases,2020-06-23,7552.0,67700,18512,17205.0,0,19924,1037,7187.428571428572,85230.28571428571,19481.14285714286,18630.14285714286,19063.14285714286,1003.7142857142857
New_cases,2020-06-24,7333.0,68785,17676,18641.0,0,21033,1423,7417.571428571428,86735.28571428571,19051.285714285714,18765.285714285714,19730.571428571428,1112.142857142857
New_cases,2020-06-25,9010.0,97128,18824,20145.0,0,22160,844,7717.0,84106.85714285714,18877.285714285714,18867.285714285714,20246.571428571428,1107.5714285714287
New_cases,2020-06-26,10194.0,105793,17877,20061.0,0,22884,1100,8224.857142857143,88200.14285714286,18694.428571428572,18969.0,20735.85714285714,1118.0
New_cases,2020-06-27,9350.0,106867,18747,20463.0,0,24263,1459,8509.57142857143,93283.0,18262.14285714286,19051.285714285714,21452.85714285714,1183.4285714285713
New_cases,2020-06-28,10713.0,117178,17996,18732.0,0,25399,1258,8830.857142857143,93445.42857142857,18123.571428571428,18902.285714285714,22188.714285714286,1167.4285714285713
New_cases,2020-06-29,9532.0,108514,17559,16507.0,0,24962,1074,9097.714285714286,95995.0,18170.14285714286,18822.0,22946.428571428572,1170.7142857142858
New_cases,2020-06-30,8943.0,94219,16493,26790.0,0,24115,1460,9296.42857142857,99783.42857142857,17881.714285714286,20191.285714285714,23545.14285714286,1231.142857142857
New_cases,2020-07-01,9504.0,81885,19337,18288.0,0,23975,1580,9606.57142857143,101654.85714285714,18119.0,20140.85714285714,23965.428571428572,1253.5714285714287
New_cases,2020-07-02,11638.0,99202,18948,19687.0,0,24829,1558,9982.0,101951.14285714286,18136.714285714286,20075.428571428572,24346.714285714286,1355.5714285714287
New_cases,2020-07-03,11364.0,127918,18973,19849.0,0,27050,839,10149.142857142857,105111.85714285714,18293.285714285714,20045.14285714286,24941.85714285714,1318.2857142857142
New_cases,2020-07-04,12619.0,129772,19129,19540.0,0,27947,2251,10616.142857142857,108384.0,18347.85714285714,19913.285714285714,25468.14285714286,1431.4285714285713
New_cases,2020-07-05,14251.0,122472,18513,18751.0,0,29859,2121,11121.57142857143,109140.28571428571,18421.714285714286,19916.0,26105.285714285714,1554.7142857142858
New_cases,2020-07-06,13262.0,122886,17551,16347.0,0,28928,2967,11654.42857142857,111193.42857142857,18420.571428571428,19893.14285714286,26671.85714285714,1825.142857142857
New_cases,2020-07-07,12635.0,94711,16903,17058.0,0,26870,2708,12181.857142857143,111263.71428571429,18479.14285714286,18502.85714285714,27065.428571428572,2003.4285714285713
New_cases,2020-07-08,15379.0,89134,17017,18741.0,0,27266,2159,13021.142857142857,112299.28571428571,18147.714285714286,18567.571428571428,27535.571428571428,2086.1428571428573
New_cases,2020-07-09,12802.0,121117,17451,20032.0,0,30512,3066,13187.42857142857,115430.0,17933.85714285714,18616.85714285714,28347.428571428572,2301.5714285714284
New_cases,2020-07-10,17307.0,138908,16661,20656.0,0,32926,2143,14036.42857142857,117000.0,17603.571428571428,18732.14285714286,29186.85714285714,2487.8571428571427
New_cases,2020-07-11,15361.0,132520,17075,21023.0,0,31981,2153,14428.142857142857,117392.57142857143,17310.14285714286,18944.0,29763.14285714286,2473.8571428571427
New_cases,2020-07-12,17884.0,142992,15459,20450.0,0,33173,2156,14947.142857142857,120324.0,16873.85714285714,19186.714285714286,30236.571428571428,2478.8571428571427
New_cases,2020-07-13,16279.0,129657,15338,17655.0,0,33309,2952,15378.142857142857,121291.28571428571,16557.714285714286,19373.571428571428,30862.428571428572,2476.714285714286
New_cases,2020-07-14,15085.0,110551,15606,18500.0,0,33095,1709,15728.142857142857,123554.14285714286,16372.42857142857,19579.571428571428,31751.714285714286,2334.0
New_cases,2020-07-15,13464.0,103721,14790,19477.0,0,34363,1563,15454.57142857143,125638.0,16054.285714285714,19684.714285714286,32765.571428571428,2248.8571428571427
New_cases,2020-07-16,17279.0,132701,14810,21526.0,0,37909,2295,16094.142857142857,127292.85714285714,15677.0,19898.14285714286,33822.28571428572,2138.714285714286
New_cases,2020-07-17,19719.0,137988,15090,21963.0,0,39518,3709,16438.714285714286,127161.42857142857,15452.57142857143,20084.85714285714,34764.0,2362.4285714285716
New_cases,2020-07-18,18344.0,151531,13812,33371.0,0,39513,3293,16864.85714285714,129877.28571428571,14986.42857142857,21848.85714285714,35840.0,2525.285714285714
New_cases,2020-07-19,17625.0,144731,13726,21788.0,0,43453,3373,16827.85714285714,130125.71428571429,14738.857142857143,22040.0,37308.57142857143,2699.1428571428573
New_cases,2020-07-20,18132.0,133573,12773,18669.0,0,44734,3404,17092.571428571428,130685.14285714286,14372.42857142857,22184.85714285714,38940.71428571428,2763.714285714286
New_cases,2020-07-21,13962.0,117400,13250,20460.0,0,42000,2625,16932.14285714286,131663.57142857142,14035.857142857143,22464.85714285714,40212.857142857145,2894.5714285714284
New_cases,2020-07-22,12666.0,109052,13915,21875.0,0,42639,3404,16818.14285714286,132425.14285714287,13910.857142857143,22807.428571428572,41395.142857142855,3157.5714285714284
New_cases,2020-07-23,18535.0,137387,14628,24104.0,0,50537,3235,16997.571428571428,133094.57142857142,13884.857142857143,23175.714285714286,43199.142857142855,3291.8571428571427
New_cases,2020-07-24,16962.0,173186,13270,24512.0,0,54247,4016,16603.714285714286,138122.85714285713,13624.857142857143,23539.85714285714,45303.28571428572,3335.714285714286
New_cases,2020-07-25,20614.0,170611,14018,23686.0,0,53430,3750,16928.0,140848.57142857142,13654.285714285714,22156.285714285714,47291.42857142857,3401.0
New_cases,2020-07-26,16245.0,167734,13605,23284.0,0,53254,3726,16730.85714285714,144134.7142857143,13637.0,22370.0,48691.57142857143,3451.4285714285716
New_cases,2020-07-27,16713.0,150089,12486,19179.0,0,53897,3830,16528.14285714286,146494.14285714287,13596.0,22442.85714285714,50000.57142857143,3512.285714285714
New_cases,2020-07-28,13185.0,118828,12392,21317.0,0,52235,3842,16417.14285714286,146698.14285714287,13473.42857142857,22565.285714285714,51462.71428571428,3686.1428571428573
New_cases,2020-07-29,12239.0,111562,13127,22324.0,0,53676,3620,16356.142857142857,147056.7142857143,13360.857142857143,22629.428571428572,53039.42857142857,3717.0
New_cases,2020-07-30,16046.0,139703,13222,25817.0,0,57794,3855,16000.57142857143,147387.57142857142,13160.0,22874.14285714286,54076.142857142855,3805.5714285714284
New_cases,2020-07-31,16031.0,171946,12618,26090.0,0,60113,6584,15867.57142857143,147210.42857142858,13066.857142857143,23099.571428571428,54914.142857142855,4172.428571428572
New_cases,2020-08-01,18027.0,168157,12175,30787.0,0,62231,6719,15498.0,146859.85714285713,12803.57142857143,24114.0,56171.42857142857,4596.571428571428
New_cases,2020-08-02,14344.0,156433,9616,23786.0,0,58971,6691,15226.42857142857,145245.42857142858,12233.714285714286,24185.714285714286,56988.142857142855,5020.142857142857
New_cases,2020-08-03,13204.0,153837,9372,20203.0,0,55850,8154,14725.142857142857,145780.85714285713,11788.857142857143,24332.0,57267.142857142855,5637.857142857143
New_cases,2020-08-04,9276.0,111127,10314,24201.0,0,55641,5137,14166.714285714286,144680.7142857143,11492.0,24744.0,57753.71428571428,5822.857142857143
New_cases,2020-08-05,8875.0,100115,11072,25446.0,0,56777,8412,13686.142857142857,143045.42857142858,11198.42857142857,25190.0,58196.71428571428,6507.428571428572
New_cases,2020-08-06,13906.0,139362,12271,28804.0,0,61288,6428,13380.42857142857,142996.7142857143,11062.57142857143,25616.714285714286,58695.857142857145,6875.0
New_cases,2020-08-07,12454.0,154118,12364,28672.0,0,67863,5971,12869.42857142857,140449.85714285713,11026.285714285714,25985.571428571428,59803.0,6787.428571428572
New_cases,2020-08-08,11994.0,155122,12630,29934.0,0,67417,5846,12007.57142857143,138587.7142857143,11091.285714285714,25863.714285714286,60543.857142857145,6662.714285714285
New_cases,2020-08-09,12489.0,156817,11702,25795.0,0,69799,6195,11742.57142857143,138642.57142857142,11389.285714285714,26150.714285714286,62090.71428571428,6591.857142857143
New_cases,2020-08-10,10706.0,143668,10821,20405.0,0,66973,5016,11385.714285714286,137189.85714285713,11596.285714285714,26179.571428571428,63679.71428571428,6143.571428571428
New_cases,2020-08-11,7553.0,106903,11675,26786.0,0,58679,8351,11139.57142857143,136586.42857142858,11790.714285714286,26548.85714285714,64113.71428571428,6602.714285714285
New_cases,2020-08-12,6325.0,101230,12724,26563.0,0,66370,4767,10775.285714285714,136745.7142857143,12026.714285714286,26708.428571428572,65484.142857142855,6082.0
New_cases,2020-08-13,7070.0,152705,13273,31372.0,0,72582,5885,9798.714285714286,138651.85714285713,12169.857142857143,27075.285714285714,67097.57142857143,6004.428571428572
New_cases,2020-08-14,8653.0,157676,13309,32204.0,0,69943,5474,9255.714285714286,139160.14285714287,12304.857142857143,27579.85714285714,67394.71428571429,5933.428571428572
New_cases,2020-08-15,10765.0,161772,13500,33152.0,0,70757,8301,9080.142857142857,140110.14285714287,12429.142857142857,28039.571428571428,67871.85714285714,6284.142857142857
New_cases,2020-08-16,9152.0,149645,13769,31670.0,0,69064,6190,8603.42857142857,139085.57142857142,12724.42857142857,28878.85714285714,67766.85714285714,6283.428571428572
New_cases,2020-08-17,7874.0,140695,12916,24657.0,0,62850,5017,8198.857142857143,138660.85714285713,13023.714285714286,29486.285714285714,67177.85714285714,6283.571428571428
New_cases,2020-08-18,6967.0,105640,11887,22298.0,0,60215,5059,8115.142857142857,138480.42857142858,13054.0,28845.14285714286,67397.28571428571,5813.285714285715
New_cases,2020-08-19,6297.0,90810,14080,28462.0,0,70598,6321,8111.142857142857,136991.85714285713,13247.714285714286,29116.428571428572,68001.28571428571,6035.285714285715
New_cases,2020-08-20,9199.0,129218,13909,35234.0,0,75156,6227,8415.285714285714,133636.57142857142,13338.57142857143,29668.14285714286,68369.0,6084.142857142857
New_cases,2020-08-21,8589.0,141705,13170,36414.0,0,74917,6300,8406.142857142857,131355.0,13318.714285714286,30269.571428571428,69079.57142857143,6202.142857142857
New_cases,2020-08-22,7626.0,135756,13469,37241.0,0,75535,6151,7957.714285714285,127638.42857142857,13314.285714285714,30853.714285714286,69762.14285714286,5895.0
New_cases,2020-08-23,8613.0,119269,12758,34536.0,0,74368,6647,7880.714285714285,123299.0,13169.857142857143,31263.14285714286,70519.85714285714,5960.285714285715
New_cases,2020-08-24,7501.0,139075,11853,28564.0,0,68259,3827,7827.428571428572,123067.57142857143,13018.0,31821.285714285714,71292.57142857143,5790.285714285715
New_cases,2020-08-25,6115.0,96953,12290,25810.0,0,64359,5853,7705.714285714285,121826.57142857143,13075.57142857143,32323.0,71884.57142857143,5903.714285714285
New_cases,2020-08-26,5367.0,88805,12950,30708.0,0,73180,4279,7572.857142857143,121540.14285714286,12914.142857142857,32643.85714285714,72253.42857142857,5612.0
New_cases,2020-08-27,6739.0,125428,12853,39020.0,0,81762,6902,7221.428571428572,120998.71428571429,12763.285714285714,33184.71428571428,73197.14285714286,5708.428571428572
New_cases,2020-08-28,3686.0,135430,12728,39712.0,0,83693,4889,6521.0,120102.28571428571,12700.142857142857,33655.857142857145,74450.85714285714,5506.857142857143
New_cases,2020-08-29,8631.0,136351,12881,42267.0,0,82795,5522,6664.571428571428,120187.28571428571,12616.142857142857,34373.857142857145,75488.0,5417.0
New_cases,2020-08-30,6095.0,132917,12117,38900.0,0,85293,4988,6304.857142857143,122137.0,12524.57142857143,34997.28571428572,77048.71428571429,5180.0
New_cases,2020-08-31,6411.0,129773,11811,31575.0,0,84650,5395,6149.142857142857,120808.14285714286,12518.57142857143,35427.42857142857,79390.28571428571,5404.0
New_cases,2020-09-01,5196.0,87726,12148,27643.0,0,76029,4439,6017.857142857143,119490.0,12498.285714285714,35689.28571428572,81057.42857142857,5202.0
New_cases,2020-09-02,5342.0,113338,11913,34213.0,0,84454,4554,6014.285714285715,122994.71428571429,12350.142857142857,36190.0,82668.0,5241.285714285715
New_cases,2020-09-03,5444.0,127128,13309,42403.0,0,90929,3197,5829.285714285715,123237.57142857143,12415.285714285714,36673.28571428572,83977.57142857143,4712.0
New_cases,2020-09-04,5952.0,128775,14587,45063.0,0,90578,3172,6153.0,122286.85714285714,12680.857142857143,37437.71428571428,84961.14285714286,4466.714285714285
New_cases,2020-09-05,5804.0,131311,15354,47576.0,0,93164,4719,5749.142857142857,121566.85714285714,13034.142857142857,38196.142857142855,86442.42857142857,4352.0
New_cases,2020-09-06,4490.0,144431,13979,46697.0,0,96991,3431,5519.857142857143,123211.71428571429,13300.142857142857,39310.0,88113.57142857143,4129.571428571428
New_cases,2020-09-07,5052.0,107369,14587,37994.0,0,97066,3534,5325.714285714285,120011.14285714286,13696.714285714286,40227.0,89887.28571428571,3863.714285714286
New_cases,2020-09-08,3945.0,83760,13851,35322.0,0,82103,2068,5147.0,119444.57142857143,13940.0,41324.0,90755.0,3525.0
New_cases,2020-09-09,4582.0,65152,15978,41230.0,0,95836,4222,5038.428571428572,112560.85714285714,14520.714285714286,42326.42857142857,92381.0,3477.5714285714284
New_cases,2020-09-10,4887.0,79570,15156,51756.0,0,102259,4101,4958.857142857143,105766.85714285714,14784.57142857143,43662.57142857143,93999.57142857143,3606.714285714286
New_cases,2020-09-11,5301.0,110435,16100,55314.0,0,103891,5010,4865.857142857143,103146.85714285714,15000.714285714286,45127.0,95901.42857142857,3869.285714285714
New_cases,2020-09-12,4761.0,119030,14829,57947.0,0,104845,5181,4716.857142857143,101392.42857142857,14925.714285714286,46608.57142857143,97570.14285714286,3935.285714285714
New_cases,2020-09-13,4641.0,132464,15266,55716.0,0,101119,5958,4738.428571428572,99682.85714285714,15109.57142857143,47897.0,98159.85714285714,4296.285714285715
New_cases,2020-09-14,3320.0,118149,15672,43135.0,0,98595,4112,4491.0,101222.85714285714,15264.57142857143,48631.42857142857,98378.28571428571,4378.857142857143
New_cases,2020-09-15,3632.0,87539,15078,42678.0,0,90320,5306,4446.285714285715,101762.71428571429,15439.857142857143,49682.28571428572,99552.14285714286,4841.428571428572
New_cases,2020-09-16,3891.0,81941,16611,52149.0,0,97254,4317,4347.571428571428,104161.14285714286,15530.285714285714,51242.142857142855,99754.71428571429,4855.0
New_cases,2020-09-17,4318.0,108603,16769,63658.0,0,105368,4503,4266.285714285715,108308.71428571429,15760.714285714286,52942.42857142857,100198.85714285714,4912.428571428572
New_cases,2020-09-18,4753.0,119704,17477,65500.0,0,103388,4153,4188.0,109632.85714285714,15957.42857142857,54397.57142857143,100127.0,4790.0
New_cases,2020-09-19,4809.0,118360,16480,69314.0,0,101199,4177,4194.857142857143,109537.14285714286,16193.285714285714,56021.42857142857,99606.14285714286,4646.571428571428
New_cases,2020-09-20,4353.0,133114,16386,68876.0,0,100276,4785,4153.714285714285,109630.0,16353.285714285714,57901.42857142857,99485.71428571429,4479.0
New_cases,2020-09-21,4243.0,114058,16674,52199.0,0,94442,3992,4285.571428571428,109045.57142857143,16496.428571428572,59196.28571428572,98892.42857142857,4461.857142857143
New_cases,2020-09-22,3182.0,86283,14758,47423.0,0,82847,4002,4221.285714285715,108866.14285714286,16450.714285714286,59874.142857142855,97824.85714285714,4275.571428571428
New_cases,2020-09-23,4073.0,84247,19062,57270.0,0,90884,2239,4247.285714285715,109195.57142857143,16800.85714285714,60605.71428571428,96914.85714285714,3978.714285714286
New_cases,2020-09-24,4317.0,121254,18989,73507.0,0,94759,3528,4247.142857142857,111002.85714285714,17118.0,62012.71428571428,95399.28571428571,3839.4285714285716
New_cases,2020-09-25,4113.0,115483,18945,78909.0,0,94479,2876,4155.714285714285,110399.85714285714,17327.714285714286,63928.28571428572,94126.57142857143,3657.0
New_cases,2020-09-26,4099.0,118972,17625,81604.0,0,93568,3518,4054.285714285714,110487.28571428571,17491.285714285714,65684.0,93036.42857142857,3562.8571428571427
New_cases,2020-09-27,2918.0,126225,18172,75608.0,0,96330,2831,3849.285714285714,109503.14285714286,17746.428571428572,66645.71428571429,92472.71428571429,3283.714285714286
New_cases,2020-09-28,3470.0,118077,16880,60926.0,0,89723,3685,3738.8571428571427,110077.28571428571,17775.85714285714,67892.42857142857,91798.57142857143,3239.8571428571427
New_cases,2020-09-29,3340.0,83943,17100,50811.0,0,77837,3663,3761.4285714285716,109743.0,18110.428571428572,68376.42857142857,91082.85714285714,3191.4285714285716
New_cases,2020-09-30,3775.0,80757,18732,60421.0,0,88323,3034,3718.8571428571427,109244.42857142857,18063.285714285714,68826.57142857143,90717.0,3305.0
New_cases,2020-10-01,4342.0,108863,19735,77207.0,0,95157,3350,3722.4285714285716,107474.28571428571,18169.85714285714,69355.14285714286,90773.85714285714,3279.5714285714284
New_cases,2020-10-02,4054.0,118493,19150,89736.0,0,90158,3489,3714.0,107904.28571428571,18199.14285714286,70901.85714285714,90156.57142857143,3367.1428571428573
New_cases,2020-10-03,4322.0,123066,17073,85956.0,0,89112,3803,3745.8571428571427,108489.14285714286,18120.285714285714,71523.57142857143,89520.0,3407.8571428571427
New_cases,2020-10-04,3777.0,123724,19447,94058.0,0,84192,3727,3868.5714285714284,108131.85714285714,18302.428571428572,74159.28571428571,87786.0,3535.8571428571427
New_cases,2020-10-05,4510.0,111660,18065,80345.0,0,83264,3989,4017.1428571428573,107215.14285714286,18471.714285714286,76933.42857142857,86863.28571428571,3579.285714285714
New_cases,2020-10-06,2832.0,76247,19750,80199.0,0,70068,3449,3944.5714285714284,106115.71428571429,18850.285714285714,81131.71428571429,85753.42857142857,3548.714285714286
New_cases,2020-10-07,2566.0,84819,19714,92244.0,0,80996,3496,3771.8571428571427,106696.0,18990.571428571428,85677.85714285714,84706.71428571429,3614.714285714286
New_cases,2020-10-08,3066.0,122746,21357,112612.0,0,89674,4066,3589.5714285714284,108679.28571428571,19222.285714285714,90735.71428571429,83923.42857142857,3717.0
New_cases,2020-10-09,6386.0,127249,19519,122010.0,0,82284,3431,3922.714285714286,109930.14285714286,19275.0,95346.28571428571,82798.57142857143,3708.714285714286
New_cases,2020-10-10,4174.0,150201,21034,129229.0,0,82273,4380,3901.5714285714284,113806.57142857143,19840.85714285714,101528.14285714286,81821.57142857143,3791.1428571428573
New_cases,2020-10-11,4763.0,131816,18569,128005.0,0,87204,3388,4042.4285714285716,114962.57142857143,19715.428571428572,106377.71428571429,82251.85714285714,3742.714285714286
New_cases,2020-10-12,4089.0,117936,16977,97229.0,0,76570,3596,3982.285714285714,115859.14285714286,19560.0,108789.71428571429,81295.57142857143,3686.5714285714284
New_cases,2020-10-13,5280.0,92387,18859,103945.0,0,65612,5122,4332.0,118164.85714285714,19432.714285714286,112182.0,80659.0,3925.5714285714284
New_cases,2020-10-14,3595.0,85290,20555,123856.0,0,73888,3263,4479.0,118232.14285714286,19552.85714285714,116698.0,79643.57142857143,3892.285714285714
New_cases,2020-10-15,4521.0,95465,21668,152817.0,0,77260,3626,4686.857142857143,114334.85714285714,19597.285714285714,122441.57142857143,77870.14285714286,3829.4285714285716
New_cases,2020-10-16,4794.0,126261,21489,171747.0,0,74288,3676,4459.428571428572,114193.71428571429,19878.714285714286,129546.85714285714,76727.85714285714,3864.4285714285716
New_cases,2020-10-17,4630.0,135640,24638,170852.0,0,73730,4755,4524.571428571428,112113.57142857143,20393.571428571428,135493.0,75507.42857142857,3918.0
New_cases,2020-10-18,4564.0,145815,18858,167945.0,0,72096,4279,4496.142857142857,114113.42857142857,20434.85714285714,141198.7142857143,73349.14285714286,4045.285714285714
New_cases,2020-10-19,4432.0,116419,21113,145904.0,0,65295,3800,4545.142857142857,113896.71428571429,21025.714285714286,148152.2857142857,71738.42857142857,4074.4285714285716
New_cases,2020-10-20,4040.0,91039,20075,148091.0,0,56891,4779,4368.0,113704.14285714286,21199.428571428572,154458.85714285713,70492.57142857143,4025.4285714285716
New_cases,2020-10-21,3935.0,110540,21229,178883.0,0,63651,3225,4416.571428571428,117311.28571428571,21295.714285714286,162319.85714285713,69030.14285714286,4020.0
New_cases,2020-10-22,4712.0,130045,24082,217564.0,0,68811,3601,4443.857142857143,122251.28571428571,21640.571428571428,171569.42857142858,67823.14285714286,4016.4285714285716
New_cases,2020-10-23,5318.0,132846,25667,236012.0,0,65806,3428,4518.714285714285,123192.0,22237.428571428572,180750.14285714287,66611.42857142857,3981.0
New_cases,2020-10-24,5144.0,143313,24908,249264.0,0,66084,4249,4592.142857142857,124288.14285714286,22276.0,191951.85714285713,65519.142857142855,3908.714285714286
New_cases,2020-10-25,4542.0,160116,24086,235955.0,0,59348,4115,4589.0,126331.14285714286,23022.85714285714,201667.57142857142,63698.0,3885.285714285714
New_cases,2020-10-26,4226.0,152116,22794,211566.0,0,54474,3803,4559.571428571428,131430.7142857143,23263.0,211047.85714285713,62152.142857142855,3885.714285714286
New_cases,2020-10-27,2774.0,109199,22463,210214.0,0,44867,4142,4378.714285714285,134025.0,23604.14285714286,219922.57142857142,60434.42857142857,3794.714285714286
New_cases,2020-10-28,4685.0,116321,27045,248226.0,0,51292,3227,4485.857142857143,134850.85714285713,24435.0,229828.7142857143,58668.857142857145,3795.0
New_cases,2020-10-29,5041.0,143411,26059,268488.0,0,59127,4592,4532.857142857143,136760.2857142857,24717.428571428572,237103.57142857142,57285.42857142857,3936.5714285714284
New_cases,2020-10-30,5856.0,152290,31201,290241.0,0,58212,3418,4609.714285714285,139538.0,25508.0,244850.57142857142,56200.57142857143,3935.1428571428573
New_cases,2020-10-31,5382.0,160458,27086,303146.0,0,58046,3841,4643.714285714285,141987.2857142857,25819.14285714286,252548.0,55052.28571428572,3876.8571428571427
New_cases,2020-11-01,4979.0,165857,24517,265054.0,0,55404,3449,4706.142857142857,142807.42857142858,25880.714285714286,256705.0,54488.857142857145,3781.714285714286
New_cases,2020-11-02,4020.0,139082,26080,243554.0,0,53465,4163,4676.714285714285,140945.42857142858,26350.14285714286,261274.7142857143,54344.71428571428,3833.1428571428573
New_cases,2020-11-03,3693.0,118069,28770,241105.0,0,47122,5146,4808.0,142212.57142857142,27251.14285714286,265687.71428571426,54666.857142857145,3976.5714285714284
New_cases,2020-11-04,3545.0,127762,30953,257056.0,0,55673,4026,4645.142857142857,143847.0,27809.428571428572,266949.14285714284,55292.71428571428,4090.714285714286
New_cases,2020-11-05,5327.0,138926,32856,303263.0,0,60003,3550,4686.0,143206.2857142857,28780.428571428572,271917.0,55417.857142857145,3941.8571428571427
New_cases,2020-11-06,6394.0,167032,31290,326925.0,0,61831,4324,4762.857142857143,145312.2857142857,28793.14285714286,277157.5714285714,55934.857142857145,4071.285714285714
New_cases,2020-11-07,6645.0,180532,33412,334139.0,0,56527,5437,4943.285714285715,148180.0,29696.85714285714,281585.14285714284,55717.857142857145,4299.285714285715
New_cases,2020-11-08,4063.0,160170,30711,341650.0,0,55536,4724,4812.428571428572,147367.57142857142,30581.714285714286,292527.4285714286,55736.71428571428,4481.428571428572
New_cases,2020-11-09,4621.0,187553,30524,248861.0,0,55640,4598,4898.285714285715,154292.0,31216.571428571428,293285.5714285714,56047.42857142857,4543.571428571428
New_cases,2020-11-10,6338.0,146539,30949,216796.0,0,46166,4996,5276.142857142857,158359.14285714287,31527.85714285714,289812.85714285716,55910.857142857145,4522.142857142857
New_cases,2020-11-11,5399.0,162849,35146,253146.0,0,54215,4022,5541.0,163371.57142857142,32126.85714285714,289254.28571428574,55702.57142857143,4521.571428571428
New_cases,2020-11-12,5872.0,197723,36177,288900.0,0,57223,4734,5618.857142857143,171771.14285714287,32601.285714285714,287202.4285714286,55305.42857142857,4690.714285714285
New_cases,2020-11-13,6835.0,234437,37144,311417.0,0,53485,4447,5681.857142857143,181400.42857142858,33437.57142857143,284987.0,54113.142857142855,4708.285714285715
New_cases,2020-11-14,6782.0,269225,35107,295723.0,0,55551,5443,5701.428571428572,194070.85714285713,33679.71428571428,279499.0,53973.71428571428,4709.142857142857
New_cases,2020-11-15,5143.0,252672,33445,279500.0,0,51506,4733,5855.714285714285,207285.42857142858,34070.28571428572,270620.4285714286,53398.0,4710.428571428572
New_cases,2020-11-16,6019.0,230670,32915,234293.0,0,41383,4618,6055.428571428572,213445.0,34411.857142857145,268539.28571428574,51361.28571428572,4713.285714285715
New_cases,2020-11-17,4758.0,181922,32959,211299.0,0,37703,4791,5829.714285714285,218499.7142857143,34699.0,267754.0,50152.28571428572,4684.0
New_cases,2020-11-18,6812.0,195699,37527,265905.0,0,47152,4506,6031.571428571428,223192.57142857142,35039.142857142855,269576.71428571426,49143.28571428572,4753.142857142857
New_cases,2020-11-19,7051.0,231754,41011,276735.0,0,55350,4958,6200.0,228054.14285714287,35729.71428571428,267838.85714285716,48875.71428571428,4785.142857142857
New_cases,2020-11-20,8220.0,235304,36775,284526.0,0,57218,5680,6397.857142857143,228178.0,35677.0,263997.28571428574,49409.0,4961.285714285715
New_cases,2020-11-21,7419.0,257859,36663,281068.0,0,57319,5679,6488.857142857143,226554.2857142857,35899.28571428572,261903.7142857143,49661.57142857143,4995.0
New_cases,2020-11-22,6827.0,270290,33244,254475.0,0,55697,5814,6729.428571428572,229071.14285714287,35870.57142857143,258328.7142857143,50260.28571428572,5149.428571428572
New_cases,2020-11-23,6291.0,251823,35431,205699.0,0,53986,5745,6768.285714285715,232093.0,36230.0,254243.85714285713,52060.71428571428,5310.428571428572
New_cases,2020-11-24,5267.0,199949,31850,184799.0,0,48568,6118,6841.0,234668.2857142857,36071.57142857143,250458.14285714287,53612.857142857145,5500.0
New_cases,2020-11-25,6507.0,208227,35896,231136.0,0,54834,5613,6797.428571428572,236458.0,35838.57142857143,245491.14285714287,54710.28571428572,5658.142857142857
New_cases,2020-11-26,7601.0,236413,37656,250648.0,0,56019,5095,6876.0,237123.57142857142,35359.28571428572,241764.42857142858,54805.857142857145,5677.714285714285
New_cases,2020-11-27,7178.0,273652,37831,281618.0,0,54160,5379,6727.142857142857,242601.85714285713,35510.142857142855,241349.0,54369.0,5634.714285714285
New_cases,2020-11-28,8765.0,224549,37822,273904.0,0,53082,6202,6919.428571428572,237843.2857142857,35675.71428571428,240325.57142857142,53763.71428571428,5709.428571428572
New_cases,2020-11-29,6874.0,258302,32829,249676.0,0,50531,6337,6926.142857142857,236130.7142857143,35616.42857142857,239640.0,53025.71428571428,5784.142857142857
New_cases,2020-11-30,5544.0,235540,34572,203022.0,0,49971,6157,6819.428571428572,233804.57142857142,35493.71428571428,239257.57142857142,52452.142857142855,5843.0
New_cases,2020-12-01,6337.0,213554,32959,190892.0,0,41791,5822,6972.285714285715,235748.14285714287,35652.142857142855,240128.0,51484.0,5800.714285714285
New_cases,2020-12-02,5965.0,210062,35657,221586.0,0,47620,5320,6894.857142857143,236010.2857142857,35618.0,238763.7142857143,50453.42857142857,5758.857142857143
New_cases,2020-12-03,8089.0,269350,35878,260487.0,0,47167,5630,6964.571428571428,240715.57142857142,35364.0,240169.2857142857,49188.857142857145,5835.285714285715
New_cases,2020-12-04,8805.0,293320,37891,268429.0,0,50086,5518,7197.0,243525.2857142857,35372.57142857143,238285.14285714287,48606.857142857145,5855.142857142857
New_cases,2020-12-05,9513.0,315772,34050,268374.0,0,48082,5511,7303.857142857143,256557.14285714287,34833.71428571428,237495.14285714287,47892.57142857143,5756.428571428572
New_cases,2020-12-06,8790.0,308218,31556,250220.0,0,47679,6081,7577.571428571428,263688.0,34651.857142857145,237572.85714285713,47485.142857142855,5719.857142857143
New_cases,2020-12-07,8601.0,293465,31208,208716.0,3,43416,5869,8014.285714285715,271963.0,34171.28571428572,238386.2857142857,46548.71428571428,5678.714285714285
New_cases,2020-12-08,8237.0,237603,28681,189036.0,0,37313,5794,8285.714285714286,275398.5714285714,33560.142857142855,238121.14285714287,45909.0,5674.714285714285
New_cases,2020-12-09,7341.0,238847,29830,234359.0,0,43803,5377,8482.285714285714,279510.71428571426,32727.714285714286,239945.85714285713,45363.71428571428,5682.857142857143
New_cases,2020-12-10,13683.0,307151,30569,256853.0,0,42153,5984,9281.42857142857,284910.85714285716,31969.285714285714,239426.7142857143,44647.42857142857,5733.428571428572
New_cases,2020-12-11,12672.0,328019,29987,277870.0,0,41224,7565,9833.857142857143,289867.85714285716,30840.14285714286,240775.42857142858,43381.42857142857,6025.857142857143
New_cases,2020-12-12,12659.0,303063,27524,278852.0,0,40596,7295,10283.285714285714,288052.28571428574,29907.85714285714,242272.2857142857,42312.0,6280.714285714285
New_cases,2020-12-13,11284.0,345916,24286,252925.0,0,41803,7391,10639.57142857143,293437.71428571426,28869.285714285714,242658.7142857143,41472.57142857143,6467.857142857143
New_cases,2020-12-14,15886.0,301528,24563,210881.0,0,37490,5535,11680.285714285714,294589.5714285714,27920.0,242968.0,40626.0,6420.142857142857
New_cases,2020-12-15,8259.0,240737,21991,198380.0,0,32028,6069,11683.42857142857,295037.28571428574,26964.285714285714,244302.85714285713,39871.0,6459.428571428572
New_cases,2020-12-16,12095.0,266620,25872,250485.0,0,37151,6410,12362.57142857143,299004.85714285716,26398.85714285714,246606.57142857142,38920.71428571428,6607.0
New_cases,2020-12-17,13255.0,291600,27667,279677.0,0,34284,6761,12301.42857142857,296783.28571428574,25984.285714285714,249867.14285714287,37796.57142857143,6718.0
New_cases,2020-12-18,15629.0,356159,26229,298021.0,0,34691,7138,12723.857142857143,300803.28571428574,25447.428571428572,252745.85714285713,36863.28571428572,6657.0
New_cases,2020-12-19,13923.0,352665,25411,277780.0,0,35166,7952,12904.42857142857,307889.28571428574,25145.571428571428,252592.7142857143,36087.57142857143,6750.857142857143
New_cases,2020-12-20,15606.0,511893,22869,247055.0,0,38197,6793,13521.857142857143,331600.28571428574,24943.14285714286,251754.14285714287,35572.42857142857,6665.428571428572
New_cases,2020-12-21,13044.0,304135,23005,210793.0,0,35877,6836,13115.857142857143,331972.71428571426,24720.571428571428,251741.57142857142,35342.0,6851.285714285715
New_cases,2020-12-22,13074.0,262231,20148,206872.0,0,29965,7075,13803.714285714286,335043.28571428574,24457.285714285714,252954.7142857143,35047.28571428572,6995.0
New_cases,2020-12-23,13875.0,247875,23177,252598.0,0,34484,7168,14058.0,332365.4285714286,24072.285714285714,253256.57142857142,34666.28571428572,7103.285714285715
New_cases,2020-12-24,18220.0,303220,24554,284726.0,1,36000,6796,14767.285714285714,334025.4285714286,23627.571428571428,253977.85714285713,34911.42857142857,7108.285714285715
New_cases,2020-12-25,19666.0,327336,24820,271921.0,0,33084,8631,15344.0,329907.85714285716,23426.285714285714,250249.2857142857,34681.857142857145,7321.571428571428
New_cases,2020-12-26,20671.0,308404,23197,219123.0,0,33506,7932,16308.0,323584.85714285716,23110.0,241869.7142857143,34444.71428571428,7318.714285714285
New_cases,2020-12-27,15980.0,211020,20072,167776.0,0,29062,8628,16361.42857142857,280603.0,22710.428571428572,230544.14285714287,33139.71428571428,7580.857142857143
New_cases,2020-12-28,12782.0,233807,20178,163212.0,0,29532,5963,16324.0,270556.14285714284,22306.571428571428,223746.85714285713,32233.285714285714,7456.142857142857
New_cases,2020-12-29,13260.0,204101,20247,190778.0,0,25389,6599,16350.57142857143,262251.85714285716,22320.714285714286,221447.7142857143,31579.571428571428,7388.142857142857
New_cases,2020-12-30,14163.0,237049,22384,265246.0,0,31467,7587,16391.714285714286,260705.2857142857,22207.428571428572,223254.57142857142,31148.571428571428,7448.0
New_cases,2020-12-31,24035.0,316613,24947,313381.0,0,33112,7801,17222.428571428572,262618.5714285714,22263.571428571428,227348.14285714287,30736.0,7591.571428571428
New_cases,2021-01-01,24436.0,349480,24740,301319.0,0,31372,9448,17903.85714285714,265782.0,22252.14285714286,231547.85714285713,30491.428571428572,7708.285714285715
New_cases,2021-01-02,0.0,353646,22879,232654.0,0,29892,8405,14950.857142857143,272245.14285714284,22206.714285714286,233480.85714285713,29975.14285714286,7775.857142857143
New_cases,2021-01-03,41331.0,242857,20665,187354.0,0,27828,7176,18572.428571428572,276793.28571428574,22291.428571428572,236277.7142857143,29798.85714285714,7568.428571428572
New_cases,2021-01-04,16932.0,339324,22591,194734.0,0,26868,6713,19165.285714285714,291867.14285714284,22636.14285714286,240780.85714285713,29418.285714285714,7675.571428571428
New_cases,2021-01-05,17880.0,267059,20639,219330.0,0,26070,7762,19825.285714285714,300861.14285714284,22692.14285714286,244859.7142857143,29515.571428571428,7841.714285714285
New_cases,2021-01-06,20679.0,243788,23805,294118.0,0,28584,8403,20756.14285714286,301823.85714285716,22895.14285714286,248984.2857142857,29103.714285714286,7958.285714285715
New_cases,2021-01-07,30698.0,348951,25362,327866.0,0,32068,10834,21708.0,306443.5714285714,22954.428571428572,251053.57142857142,28954.571428571428,8391.57142857143
New_cases,2021-01-08,28631.0,437306,27297,282141.0,0,30243,12177,22307.285714285714,318990.14285714284,23319.714285714286,248313.85714285713,28793.285714285714,8781.42857142857
New_cases,2021-01-09,30961.0,441723,26694,302044.0,0,13248,13144,26730.285714285714,331572.5714285714,23864.714285714286,258226.7142857143,26415.571428571428,9458.42857142857
New_cases,2021-01-10,28863.0,444154,25132,268910.0,0,49589,12898,24949.14285714286,360329.28571428574,24502.85714285714,269877.5714285714,29524.285714285714,10275.857142857143
New_cases,2021-01-11,27104.0,381939,24082,218967.0,0,28672,10978,26402.285714285714,366417.14285714284,24715.85714285714,273339.4285714286,29782.0,10885.142857142857
New_cases,2021-01-12,25493.0,309795,23412,191113.0,0,24113,10550,27489.85714285714,372522.28571428574,25112.0,269308.4285714286,29502.428571428572,11283.42857142857
New_cases,2021-01-13,21662.0,281829,25946,249455.0,0,28526,10816,27630.285714285714,377956.71428571426,25417.85714285714,262928.0,29494.14285714286,11628.142857142857
New_cases,2021-01-14,27243.0,352273,27824,273301.0,0,31106,10625,27136.714285714286,378431.28571428574,25769.571428571428,255133.0,29356.714285714286,11598.285714285714
New_cases,2021-01-15,28519.0,361083,27761,253507.0,0,29875,12745,27120.714285714286,367542.28571428574,25835.85714285714,251042.42857142858,29304.14285714286,11679.42857142857
New_cases,2021-01-16,22015.0,373931,29130,221117.0,0,30500,12824,25842.714285714286,357857.71428571426,26183.85714285714,239481.42857142858,31768.714285714286,11633.714285714286
New_cases,2021-01-17,25216.0,406967,25023,181073.0,0,31862,13237,25321.714285714286,352545.28571428574,26168.285714285714,226933.2857142857,29236.285714285714,11682.142857142857
New_cases,2021-01-18,,351280,25231,,0,27528,11845,25024.666666666668,348165.4285714286,26332.428571428572,228261.0,29072.85714285714,11806.0
