,Date_reported,WHO_region,New_cases,New_deaths,MA,MA_d
0,2020-01-04 00:00:00+00:00,EURO,2,0,2.0,0.0
1,2020-01-11 00:00:00+00:00,EURO,1,0,1.5,0.0
2,2020-01-12 00:00:00+00:00,EURO,1,0,1.3333333333333333,0.0
3,2020-01-14 00:00:00+00:00,EURO,1,0,1.25,0.0
4,2020-01-20 00:00:00+00:00,EURO,1,0,1.2,0.0
5,2020-01-23 00:00:00+00:00,EURO,1,0,1.1666666666666667,0.0
6,2020-01-24 00:00:00+00:00,EURO,4,0,1.5714285714285714,0.0
7,2020-01-29 00:00:00+00:00,EURO,5,0,2.0,0.0
8,2020-01-30 00:00:00+00:00,EURO,3,0,2.2857142857142856,0.0
9,2020-01-31 00:00:00+00:00,EURO,5,0,2.857142857142857,0.0
10,2020-02-01 00:00:00+00:00,EURO,3,0,3.142857142857143,0.0
11,2020-02-02 00:00:00+00:00,EURO,6,0,3.857142857142857,0.0
12,2020-02-04 00:00:00+00:00,EURO,3,0,4.142857142857143,0.0
13,2020-02-05 00:00:00+00:00,EURO,20,0,6.428571428571429,0.0
14,2020-02-06 00:00:00+00:00,EURO,4,0,6.285714285714286,0.0
15,2020-02-07 00:00:00+00:00,EURO,3,0,6.285714285714286,0.0
16,2020-02-08 00:00:00+00:00,EURO,6,0,6.428571428571429,0.0
17,2020-02-10 00:00:00+00:00,EURO,3,0,6.428571428571429,0.0
18,2020-02-11 00:00:00+00:00,EURO,4,0,6.142857142857143,0.0
19,2020-02-12 00:00:00+00:00,EURO,2,0,6.0,0.0
20,2020-02-13 00:00:00+00:00,EURO,6,0,4.0,0.0
21,2020-02-14 00:00:00+00:00,EURO,4,0,4.0,0.0
22,2020-02-15 00:00:00+00:00,EURO,1,0,3.7142857142857144,0.0
23,2020-02-16 00:00:00+00:00,EURO,1,0,3.0,0.0
24,2020-02-17 00:00:00+00:00,EURO,1,0,2.7142857142857144,0.0
25,2020-02-18 00:00:00+00:00,EURO,1,0,2.2857142857142856,0.0
26,2020-02-19 00:00:00+00:00,EURO,3,0,2.4285714285714284,0.0
27,2020-02-20 00:00:00+00:00,EURO,1,0,1.7142857142857142,0.0
28,2020-02-21 00:00:00+00:00,EURO,9,0,2.4285714285714284,0.0
29,2020-02-22 00:00:00+00:00,EURO,15,0,4.428571428571429,0.0
30,2020-02-23 00:00:00+00:00,EURO,66,2,13.714285714285714,0.2857142857142857
31,2020-02-24 00:00:00+00:00,EURO,55,1,21.428571428571427,0.42857142857142855
32,2020-02-25 00:00:00+00:00,EURO,109,5,36.857142857142854,1.1428571428571428
33,2020-02-26 00:00:00+00:00,EURO,106,3,51.57142857142857,1.5714285714285714
34,2020-02-27 00:00:00+00:00,EURO,103,3,66.14285714285714,2.0
35,2020-02-28 00:00:00+00:00,EURO,312,5,109.42857142857143,2.7142857142857144
36,2020-02-29 00:00:00+00:00,EURO,342,4,156.14285714285714,3.2857142857142856
37,2020-03-01 00:00:00+00:00,EURO,406,8,204.71428571428572,4.142857142857143
38,2020-03-02 00:00:00+00:00,EURO,693,6,295.85714285714283,4.857142857142857
39,2020-03-03 00:00:00+00:00,EURO,577,20,362.7142857142857,7.0
40,2020-03-04 00:00:00+00:00,EURO,782,29,459.2857142857143,10.714285714285714
41,2020-03-05 00:00:00+00:00,EURO,1096,33,601.1428571428571,15.0
42,2020-03-06 00:00:00+00:00,EURO,1539,48,776.4285714285714,21.142857142857142
43,2020-03-07 00:00:00+00:00,EURO,1762,58,979.2857142857143,28.857142857142858
44,2020-03-08 00:00:00+00:00,EURO,2231,44,1240.0,34.0
45,2020-03-09 00:00:00+00:00,EURO,2781,151,1538.2857142857142,54.714285714285715
46,2020-03-10 00:00:00+00:00,EURO,3396,129,1941.0,70.28571428571429
47,2020-03-11 00:00:00+00:00,EURO,3780,203,2369.285714285714,95.14285714285714
48,2020-03-12 00:00:00+00:00,EURO,6206,256,3099.285714285714,127.0
49,2020-03-13 00:00:00+00:00,EURO,7374,266,3932.8571428571427,158.14285714285714
50,2020-03-14 00:00:00+00:00,EURO,8471,366,4891.285714285715,202.14285714285714
51,2020-03-15 00:00:00+00:00,EURO,10312,320,6045.714285714285,241.57142857142858
52,2020-03-16 00:00:00+00:00,EURO,10102,582,7091.571428571428,303.14285714285717
53,2020-03-17 00:00:00+00:00,EURO,11149,581,8199.142857142857,367.7142857142857
54,2020-03-18 00:00:00+00:00,EURO,13779,698,9627.57142857143,438.42857142857144
55,2020-03-19 00:00:00+00:00,EURO,17876,891,11294.714285714286,529.1428571428571
56,2020-03-20 00:00:00+00:00,EURO,21057,1027,13249.42857142857,637.8571428571429
57,2020-03-21 00:00:00+00:00,EURO,23838,1302,15444.714285714286,771.5714285714286
58,2020-03-22 00:00:00+00:00,EURO,25238,1681,17577.0,966.0
59,2020-03-23 00:00:00+00:00,EURO,22085,1665,19288.85714285714,1120.7142857142858
60,2020-03-24 00:00:00+00:00,EURO,24349,1776,21174.571428571428,1291.4285714285713
61,2020-03-25 00:00:00+00:00,EURO,29555,2226,23428.285714285714,1509.7142857142858
62,2020-03-26 00:00:00+00:00,EURO,33256,2382,25625.428571428572,1722.7142857142858
63,2020-03-27 00:00:00+00:00,EURO,37876,2701,28028.14285714286,1961.857142857143
64,2020-03-28 00:00:00+00:00,EURO,40434,3189,30399.0,2231.4285714285716
65,2020-03-29 00:00:00+00:00,EURO,38682,3235,32319.571428571428,2453.4285714285716
66,2020-03-30 00:00:00+00:00,EURO,30898,3078,33578.57142857143,2655.285714285714
67,2020-03-31 00:00:00+00:00,EURO,29727,3255,34346.857142857145,2866.5714285714284
68,2020-04-01 00:00:00+00:00,EURO,40675,3773,35935.42857142857,3087.5714285714284
69,2020-04-02 00:00:00+00:00,EURO,39217,3866,36787.0,3299.5714285714284
70,2020-04-03 00:00:00+00:00,EURO,37910,4033,36791.857142857145,3489.8571428571427
71,2020-04-04 00:00:00+00:00,EURO,41431,5663,36934.28571428572,3843.285714285714
72,2020-04-05 00:00:00+00:00,EURO,38544,4613,36914.57142857143,4040.1428571428573
73,2020-04-06 00:00:00+00:00,EURO,30049,3691,36793.28571428572,4127.714285714285
74,2020-04-07 00:00:00+00:00,EURO,29954,4129,36825.71428571428,4252.571428571428
75,2020-04-08 00:00:00+00:00,EURO,34876,4980,35997.28571428572,4425.0
76,2020-04-09 00:00:00+00:00,EURO,39322,4152,36012.28571428572,4465.857142857143
77,2020-04-10 00:00:00+00:00,EURO,40254,5077,36347.142857142855,4615.0
78,2020-04-11 00:00:00+00:00,EURO,39431,4434,36061.42857142857,4439.428571428572
79,2020-04-12 00:00:00+00:00,EURO,35764,4010,35664.28571428572,4353.285714285715
80,2020-04-13 00:00:00+00:00,EURO,29879,3640,35640.0,4346.0
81,2020-04-14 00:00:00+00:00,EURO,27586,3663,35301.71428571428,4279.428571428572
82,2020-04-15 00:00:00+00:00,EURO,33534,3922,35110.0,4128.285714285715
83,2020-04-16 00:00:00+00:00,EURO,32863,4691,34187.28571428572,4205.285714285715
84,2020-04-17 00:00:00+00:00,EURO,36907,3934,33709.142857142855,4042.0
85,2020-04-18 00:00:00+00:00,EURO,34146,3764,32954.142857142855,3946.285714285714
86,2020-04-19 00:00:00+00:00,EURO,35265,3466,32882.857142857145,3868.5714285714284
87,2020-04-20 00:00:00+00:00,EURO,27445,2978,32535.14285714286,3774.0
88,2020-04-21 00:00:00+00:00,EURO,28159,3084,32617.0,3691.285714285714
89,2020-04-22 00:00:00+00:00,EURO,31123,3249,32272.571428571428,3595.1428571428573
90,2020-04-23 00:00:00+00:00,EURO,30048,3080,31870.428571428572,3365.0
91,2020-04-24 00:00:00+00:00,EURO,32111,2972,31185.285714285714,3227.5714285714284
92,2020-04-25 00:00:00+00:00,EURO,31075,2713,30746.571428571428,3077.4285714285716
93,2020-04-26 00:00:00+00:00,EURO,28776,2660,29819.571428571428,2962.285714285714
94,2020-04-27 00:00:00+00:00,EURO,23421,2124,29244.714285714286,2840.285714285714
95,2020-04-28 00:00:00+00:00,EURO,22974,2358,28504.0,2736.5714285714284
96,2020-04-29 00:00:00+00:00,EURO,23712,2305,27445.285714285714,2601.714285714286
97,2020-04-30 00:00:00+00:00,EURO,28320,2387,27198.428571428572,2502.714285714286
98,2020-05-01 00:00:00+00:00,EURO,28168,2084,26635.14285714286,2375.8571428571427
99,2020-05-02 00:00:00+00:00,EURO,27874,1922,26177.85714285714,2262.8571428571427
100,2020-05-03 00:00:00+00:00,EURO,26581,1979,25864.285714285714,2165.5714285714284
101,2020-05-04 00:00:00+00:00,EURO,23491,1584,25874.285714285714,2088.4285714285716
102,2020-05-05 00:00:00+00:00,EURO,21366,1714,25644.571428571428,1996.4285714285713
103,2020-05-06 00:00:00+00:00,EURO,26092,1816,25984.571428571428,1926.5714285714287
104,2020-05-07 00:00:00+00:00,EURO,29733,1835,26186.428571428572,1847.7142857142858
105,2020-05-08 00:00:00+00:00,EURO,26171,1672,25901.14285714286,1788.857142857143
106,2020-05-09 00:00:00+00:00,EURO,26313,1729,25678.14285714286,1761.2857142857142
107,2020-05-10 00:00:00+00:00,EURO,25071,1328,25462.428571428572,1668.2857142857142
108,2020-05-11 00:00:00+00:00,EURO,21494,1200,25177.14285714286,1613.4285714285713
109,2020-05-12 00:00:00+00:00,EURO,19945,1358,24974.14285714286,1562.5714285714287
110,2020-05-13 00:00:00+00:00,EURO,25574,1443,24900.14285714286,1509.2857142857142
111,2020-05-14 00:00:00+00:00,EURO,22600,1224,23881.14285714286,1422.0
112,2020-05-15 00:00:00+00:00,EURO,23947,1470,23563.428571428572,1393.142857142857
113,2020-05-16 00:00:00+00:00,EURO,21161,1262,22827.428571428572,1326.4285714285713
114,2020-05-17 00:00:00+00:00,EURO,22272,1032,22427.571428571428,1284.142857142857
115,2020-05-18 00:00:00+00:00,EURO,18905,949,22057.714285714286,1248.2857142857142
116,2020-05-19 00:00:00+00:00,EURO,18784,988,21891.85714285714,1195.4285714285713
117,2020-05-20 00:00:00+00:00,EURO,19163,1061,20976.0,1140.857142857143
118,2020-05-21 00:00:00+00:00,EURO,22442,1004,20953.428571428572,1109.4285714285713
119,2020-05-22 00:00:00+00:00,EURO,20237,976,20423.428571428572,1038.857142857143
120,2020-05-23 00:00:00+00:00,EURO,19228,872,20147.285714285714,983.1428571428571
121,2020-05-24 00:00:00+00:00,EURO,19343,849,19728.85714285714,957.0
122,2020-05-25 00:00:00+00:00,EURO,17708,674,19557.85714285714,917.7142857142857
123,2020-05-26 00:00:00+00:00,EURO,17026,802,19306.714285714286,891.1428571428571
124,2020-05-27 00:00:00+00:00,EURO,17535,845,19074.14285714286,860.2857142857143
125,2020-05-28 00:00:00+00:00,EURO,19215,827,18613.14285714286,835.0
126,2020-05-29 00:00:00+00:00,EURO,19086,840,18448.714285714286,815.5714285714286
127,2020-05-30 00:00:00+00:00,EURO,18791,795,18386.285714285714,804.5714285714286
128,2020-05-31 00:00:00+00:00,EURO,18589,745,18278.571428571428,789.7142857142857
129,2020-06-01 00:00:00+00:00,EURO,16907,631,18164.14285714286,783.5714285714286
130,2020-06-02 00:00:00+00:00,EURO,16005,654,18018.285714285714,762.4285714285714
131,2020-06-03 00:00:00+00:00,EURO,16891,703,17926.285714285714,742.1428571428571
132,2020-06-04 00:00:00+00:00,EURO,18694,726,17851.85714285714,727.7142857142857
133,2020-06-05 00:00:00+00:00,EURO,18691,633,17795.428571428572,698.1428571428571
134,2020-06-06 00:00:00+00:00,EURO,18550,707,17761.0,685.5714285714286
135,2020-06-07 00:00:00+00:00,EURO,18339,547,17725.285714285714,657.2857142857143
136,2020-06-08 00:00:00+00:00,EURO,18112,477,17897.428571428572,635.2857142857143
137,2020-06-09 00:00:00+00:00,EURO,16293,600,17938.571428571428,627.5714285714286
138,2020-06-10 00:00:00+00:00,EURO,17398,733,18011.0,631.8571428571429
139,2020-06-11 00:00:00+00:00,EURO,18497,562,17982.85714285714,608.4285714285714
140,2020-06-12 00:00:00+00:00,EURO,19582,566,18110.14285714286,598.8571428571429
141,2020-06-13 00:00:00+00:00,EURO,18662,465,18126.14285714286,564.2857142857143
142,2020-06-14 00:00:00+00:00,EURO,19501,476,18292.14285714286,554.1428571428571
143,2020-06-15 00:00:00+00:00,EURO,17717,437,18235.714285714286,548.4285714285714
144,2020-06-16 00:00:00+00:00,EURO,17241,516,18371.14285714286,536.4285714285714
145,2020-06-17 00:00:00+00:00,EURO,18093,624,18470.428571428572,520.8571428571429
146,2020-06-18 00:00:00+00:00,EURO,19531,532,18618.14285714286,516.5714285714286
147,2020-06-19 00:00:00+00:00,EURO,19397,576,18591.714285714286,518.0
148,2020-06-20 00:00:00+00:00,EURO,19341,463,18688.714285714286,517.7142857142857
149,2020-06-21 00:00:00+00:00,EURO,19437,418,18679.571428571428,509.42857142857144
150,2020-06-22 00:00:00+00:00,EURO,17600,352,18662.85714285714,497.2857142857143
151,2020-06-23 00:00:00+00:00,EURO,17059,437,18636.85714285714,486.0
152,2020-06-24 00:00:00+00:00,EURO,18882,482,18749.571428571428,465.7142857142857
153,2020-06-25 00:00:00+00:00,EURO,20183,318,18842.714285714286,435.14285714285717
154,2020-06-26 00:00:00+00:00,EURO,20169,485,18953.0,422.14285714285717
155,2020-06-27 00:00:00+00:00,EURO,19762,511,19013.14285714286,429.0
156,2020-06-28 00:00:00+00:00,EURO,19498,318,19021.85714285714,414.7142857142857
157,2020-06-29 00:00:00+00:00,EURO,18077,326,19090.0,411.0
158,2020-06-30 00:00:00+00:00,EURO,16257,419,18975.428571428572,408.42857142857144
159,2020-07-01 00:00:00+00:00,EURO,28138,491,20297.714285714286,409.7142857142857
160,2020-07-02 00:00:00+00:00,EURO,19804,395,20243.571428571428,420.7142857142857
161,2020-07-03 00:00:00+00:00,EURO,19951,464,20212.428571428572,417.7142857142857
162,2020-07-04 00:00:00+00:00,EURO,19508,444,20176.14285714286,408.14285714285717
163,2020-07-05 00:00:00+00:00,EURO,19488,377,20174.714285714286,416.57142857142856
164,2020-07-06 00:00:00+00:00,EURO,17107,370,20036.14285714286,422.85714285714283
165,2020-07-07 00:00:00+00:00,EURO,17051,425,20149.571428571428,423.7142857142857
166,2020-07-08 00:00:00+00:00,EURO,19165,473,18867.714285714286,421.14285714285717
167,2020-07-09 00:00:00+00:00,EURO,20927,473,19028.14285714286,432.2857142857143
168,2020-07-10 00:00:00+00:00,EURO,21274,431,19217.14285714286,427.57142857142856
169,2020-07-11 00:00:00+00:00,EURO,21201,471,19459.0,431.42857142857144
170,2020-07-12 00:00:00+00:00,EURO,21484,354,19744.14285714286,428.14285714285717
171,2020-07-13 00:00:00+00:00,EURO,18723,315,19975.0,420.2857142857143
172,2020-07-14 00:00:00+00:00,EURO,19246,369,20288.571428571428,412.2857142857143
173,2020-07-15 00:00:00+00:00,EURO,21553,408,20629.714285714286,403.0
174,2020-07-16 00:00:00+00:00,EURO,23022,462,20929.0,401.42857142857144
175,2020-07-17 00:00:00+00:00,EURO,22990,422,21174.14285714286,400.14285714285717
176,2020-07-18 00:00:00+00:00,EURO,22085,640,21300.428571428572,424.2857142857143
177,2020-07-19 00:00:00+00:00,EURO,22354,358,21424.714285714286,424.85714285714283
178,2020-07-20 00:00:00+00:00,EURO,19420,497,21524.285714285714,450.85714285714283
179,2020-07-21 00:00:00+00:00,EURO,20254,403,21668.285714285714,455.7142857142857
180,2020-07-22 00:00:00+00:00,EURO,22723,435,21835.428571428572,459.57142857142856
181,2020-07-23 00:00:00+00:00,EURO,24227,417,22007.571428571428,453.14285714285717
182,2020-07-24 00:00:00+00:00,EURO,23967,425,22147.14285714286,453.57142857142856
183,2020-07-25 00:00:00+00:00,EURO,23730,385,22382.14285714286,417.14285714285717
184,2020-07-26 00:00:00+00:00,EURO,23773,288,22584.85714285714,407.14285714285717
185,2020-07-27 00:00:00+00:00,EURO,20342,278,22716.571428571428,375.85714285714283
186,2020-07-28 00:00:00+00:00,EURO,21183,385,22849.285714285714,373.2857142857143
187,2020-07-29 00:00:00+00:00,EURO,30858,621,24011.428571428572,399.85714285714283
188,2020-07-30 00:00:00+00:00,EURO,32683,386,25219.428571428572,395.42857142857144
189,2020-07-31 00:00:00+00:00,EURO,32479,427,26435.428571428572,395.7142857142857
190,2020-08-01 00:00:00+00:00,EURO,30882,348,27457.14285714286,390.42857142857144
191,2020-08-02 00:00:00+00:00,EURO,36795,343,29317.428571428572,398.2857142857143
192,2020-08-03 00:00:00+00:00,EURO,29600,591,30640.0,443.0
193,2020-08-04 00:00:00+00:00,EURO,28540,402,31691.0,445.42857142857144
194,2020-08-05 00:00:00+00:00,EURO,34250,405,32175.571428571428,414.57142857142856
195,2020-08-06 00:00:00+00:00,EURO,36478,387,32717.714285714286,414.7142857142857
196,2020-08-07 00:00:00+00:00,EURO,35468,380,33144.71428571428,408.0
197,2020-08-08 00:00:00+00:00,EURO,35231,397,33766.0,415.0
198,2020-08-09 00:00:00+00:00,EURO,35906,324,33639.0,412.2857142857143
199,2020-08-10 00:00:00+00:00,EURO,30248,631,33731.57142857143,418.0
200,2020-08-11 00:00:00+00:00,EURO,29995,377,33939.42857142857,414.42857142857144
201,2020-08-12 00:00:00+00:00,EURO,36693,404,34288.42857142857,414.2857142857143
202,2020-08-13 00:00:00+00:00,EURO,39506,391,34721.0,414.85714285714283
203,2020-08-14 00:00:00+00:00,EURO,37442,407,35003.0,418.7142857142857
204,2020-08-15 00:00:00+00:00,EURO,37069,391,35265.57142857143,417.85714285714283
205,2020-08-16 00:00:00+00:00,EURO,41481,484,36062.0,440.7142857142857
206,2020-08-17 00:00:00+00:00,EURO,33292,491,36496.857142857145,420.7142857142857
207,2020-08-18 00:00:00+00:00,EURO,31733,375,36745.142857142855,420.42857142857144
208,2020-08-19 00:00:00+00:00,EURO,39054,389,37082.42857142857,418.2857142857143
209,2020-08-20 00:00:00+00:00,EURO,43356,415,37632.42857142857,421.7142857142857
210,2020-08-21 00:00:00+00:00,EURO,41115,364,38157.142857142855,415.57142857142856
211,2020-08-22 00:00:00+00:00,EURO,40483,424,38644.857142857145,420.2857142857143
212,2020-08-23 00:00:00+00:00,EURO,45383,326,39202.28571428572,397.7142857142857
213,2020-08-24 00:00:00+00:00,EURO,37590,451,39816.28571428572,392.0
214,2020-08-25 00:00:00+00:00,EURO,36231,417,40458.857142857145,398.0
215,2020-08-26 00:00:00+00:00,EURO,41952,461,40872.857142857145,408.2857142857143
216,2020-08-27 00:00:00+00:00,EURO,48067,433,41545.857142857145,410.85714285714283
217,2020-08-28 00:00:00+00:00,EURO,44943,432,42092.71428571428,420.57142857142856
218,2020-08-29 00:00:00+00:00,EURO,43043,421,42458.42857142857,420.14285714285717
219,2020-08-30 00:00:00+00:00,EURO,50567,367,43199.0,426.0
220,2020-08-31 00:00:00+00:00,EURO,41729,432,43790.28571428572,423.2857142857143
221,2020-09-01 00:00:00+00:00,EURO,40436,473,44391.0,431.2857142857143
222,2020-09-02 00:00:00+00:00,EURO,45655,519,44920.0,439.57142857142856
223,2020-09-03 00:00:00+00:00,EURO,53934,482,45758.142857142855,446.57142857142856
224,2020-09-04 00:00:00+00:00,EURO,49519,494,46411.857142857145,455.42857142857144
225,2020-09-05 00:00:00+00:00,EURO,48579,459,47202.71428571428,460.85714285714283
226,2020-09-06 00:00:00+00:00,EURO,58381,440,48319.0,471.2857142857143
227,2020-09-07 00:00:00+00:00,EURO,49758,431,49466.0,471.14285714285717
228,2020-09-08 00:00:00+00:00,EURO,48298,485,50589.142857142855,472.85714285714283
229,2020-09-09 00:00:00+00:00,EURO,55516,543,51997.857142857145,476.2857142857143
230,2020-09-10 00:00:00+00:00,EURO,61713,551,53109.142857142855,486.14285714285717
231,2020-09-11 00:00:00+00:00,EURO,58121,517,54338.0,489.42857142857144
232,2020-09-12 00:00:00+00:00,EURO,56111,606,55414.0,510.42857142857144
233,2020-09-13 00:00:00+00:00,EURO,66654,459,56595.857142857145,513.1428571428571
234,2020-09-14 00:00:00+00:00,EURO,56349,486,57537.42857142857,521.0
235,2020-09-15 00:00:00+00:00,EURO,56674,596,58734.0,536.8571428571429
236,2020-09-16 00:00:00+00:00,EURO,65842,683,60209.142857142855,556.8571428571429
237,2020-09-17 00:00:00+00:00,EURO,72544,687,61756.42857142857,576.2857142857143
238,2020-09-18 00:00:00+00:00,EURO,68509,665,63240.42857142857,597.4285714285714
239,2020-09-19 00:00:00+00:00,EURO,64899,784,64495.857142857145,622.8571428571429
240,2020-09-20 00:00:00+00:00,EURO,78610,574,66203.85714285714,639.2857142857143
241,2020-09-21 00:00:00+00:00,EURO,62543,544,67088.71428571429,647.5714285714286
242,2020-09-22 00:00:00+00:00,EURO,61525,678,67781.71428571429,659.2857142857143
243,2020-09-23 00:00:00+00:00,EURO,70942,729,68510.28571428571,665.8571428571429
244,2020-09-24 00:00:00+00:00,EURO,79581,760,69515.57142857143,676.2857142857143
245,2020-09-25 00:00:00+00:00,EURO,76111,726,70601.57142857143,685.0
246,2020-09-26 00:00:00+00:00,EURO,74519,901,71975.85714285714,701.7142857142857
247,2020-09-27 00:00:00+00:00,EURO,81822,726,72434.71428571429,723.4285714285714
248,2020-09-28 00:00:00+00:00,EURO,68221,623,73245.85714285714,734.7142857142857
249,2020-09-29 00:00:00+00:00,EURO,65585,757,73825.85714285714,746.0
250,2020-09-30 00:00:00+00:00,EURO,81310,894,75307.0,769.5714285714286
251,2020-10-01 00:00:00+00:00,EURO,96070,832,77662.57142857143,779.8571428571429
252,2020-10-02 00:00:00+00:00,EURO,92697,919,80032.0,807.4285714285714
253,2020-10-03 00:00:00+00:00,EURO,88434,963,82019.85714285714,816.2857142857143
254,2020-10-04 00:00:00+00:00,EURO,103856,760,85167.57142857143,821.1428571428571
255,2020-10-05 00:00:00+00:00,EURO,86601,724,87793.28571428571,835.5714285714286
256,2020-10-06 00:00:00+00:00,EURO,98895,905,92551.85714285714,856.7142857142857
257,2020-10-07 00:00:00+00:00,EURO,113574,1083,97161.0,883.7142857142857
258,2020-10-08 00:00:00+00:00,EURO,127609,1104,101666.57142857143,922.5714285714286
259,2020-10-09 00:00:00+00:00,EURO,122566,1062,105933.57142857143,943.0
260,2020-10-10 00:00:00+00:00,EURO,123421,1138,110931.71428571429,968.0
261,2020-10-11 00:00:00+00:00,EURO,141594,1017,116322.85714285714,1004.7142857142857
262,2020-10-12 00:00:00+00:00,EURO,117703,962,120766.0,1038.7142857142858
263,2020-10-13 00:00:00+00:00,EURO,126645,1226,124730.28571428571,1084.5714285714287
264,2020-10-14 00:00:00+00:00,EURO,153011,1331,130364.14285714286,1120.0
265,2020-10-15 00:00:00+00:00,EURO,169161,1397,136300.14285714287,1161.857142857143
266,2020-10-16 00:00:00+00:00,EURO,164488,1417,142289.0,1212.5714285714287
267,2020-10-17 00:00:00+00:00,EURO,160540,1633,147591.7142857143,1283.2857142857142
268,2020-10-18 00:00:00+00:00,EURO,192819,1393,154909.57142857142,1337.0
269,2020-10-19 00:00:00+00:00,EURO,168343,1366,162143.85714285713,1394.7142857142858
270,2020-10-20 00:00:00+00:00,EURO,177684,1612,169435.14285714287,1449.857142857143
271,2020-10-21 00:00:00+00:00,EURO,223898,1981,179561.85714285713,1542.7142857142858
272,2020-10-22 00:00:00+00:00,EURO,250222,2020,191142.0,1631.7142857142858
273,2020-10-23 00:00:00+00:00,EURO,233137,2130,200949.0,1733.5714285714287
274,2020-10-24 00:00:00+00:00,EURO,225087,2362,210170.0,1837.7142857142858
275,2020-10-25 00:00:00+00:00,EURO,271911,2156,221468.85714285713,1946.7142857142858
276,2020-10-26 00:00:00+00:00,EURO,228210,1948,230021.2857142857,2029.857142857143
277,2020-10-27 00:00:00+00:00,EURO,230306,2348,237538.7142857143,2135.0
278,2020-10-28 00:00:00+00:00,EURO,284512,3107,246197.85714285713,2295.8571428571427
279,2020-10-29 00:00:00+00:00,EURO,296202,2904,252766.42857142858,2422.1428571428573
280,2020-10-30 00:00:00+00:00,EURO,277633,3091,259123.0,2559.4285714285716
281,2020-10-31 00:00:00+00:00,EURO,267544,3431,265188.28571428574,2712.1428571428573
282,2020-11-01 00:00:00+00:00,EURO,315790,3111,271456.71428571426,2848.5714285714284
283,2020-11-02 00:00:00+00:00,EURO,253601,2787,275084.0,2968.4285714285716
284,2020-11-03 00:00:00+00:00,EURO,243939,3267,277031.5714285714,3099.714285714286
285,2020-11-04 00:00:00+00:00,EURO,292008,4376,278102.4285714286,3281.0
286,2020-11-05 00:00:00+00:00,EURO,314784,4023,280757.0,3440.8571428571427
287,2020-11-06 00:00:00+00:00,EURO,293851,4154,283073.85714285716,3592.714285714286
288,2020-11-07 00:00:00+00:00,EURO,283989,4823,285423.14285714284,3791.5714285714284
289,2020-11-08 00:00:00+00:00,EURO,312147,3846,284902.71428571426,3896.5714285714284
290,2020-11-09 00:00:00+00:00,EURO,250822,3423,284505.71428571426,3987.4285714285716
291,2020-11-10 00:00:00+00:00,EURO,206810,4027,279201.5714285714,4096.0
292,2020-11-11 00:00:00+00:00,EURO,290501,5512,278986.28571428574,4258.285714285715
293,2020-11-12 00:00:00+00:00,EURO,290887,4719,275572.4285714286,4357.714285714285
294,2020-11-13 00:00:00+00:00,EURO,288222,4640,274768.28571428574,4427.142857142857
295,2020-11-14 00:00:00+00:00,EURO,280334,5323,274246.14285714284,4498.571428571428
296,2020-11-15 00:00:00+00:00,EURO,286670,4578,270606.5714285714,4603.142857142857
297,2020-11-16 00:00:00+00:00,EURO,232057,4184,267925.85714285716,4711.857142857143
298,2020-11-17 00:00:00+00:00,EURO,217414,4608,269440.71428571426,4794.857142857143
299,2020-11-18 00:00:00+00:00,EURO,252104,5923,263955.4285714286,4853.571428571428
300,2020-11-19 00:00:00+00:00,EURO,272674,5501,261353.57142857142,4965.285714285715
301,2020-11-20 00:00:00+00:00,EURO,273758,5425,259287.2857142857,5077.428571428572
302,2020-11-21 00:00:00+00:00,EURO,263760,6219,256919.57142857142,5205.428571428572
303,2020-11-22 00:00:00+00:00,EURO,263986,5020,253679.0,5268.571428571428
304,2020-11-23 00:00:00+00:00,EURO,208644,4258,250334.2857142857,5279.142857142857
305,2020-11-24 00:00:00+00:00,EURO,188110,5186,246148.0,5361.714285714285
306,2020-11-25 00:00:00+00:00,EURO,229000,6427,242847.42857142858,5433.714285714285
307,2020-11-26 00:00:00+00:00,EURO,253400,5468,240094.0,5429.0
308,2020-11-27 00:00:00+00:00,EURO,269536,5705,239490.85714285713,5469.0
309,2020-11-28 00:00:00+00:00,EURO,260618,6397,239042.0,5494.428571428572
310,2020-11-29 00:00:00+00:00,EURO,251277,4950,237226.42857142858,5484.428571428572
311,2020-11-30 00:00:00+00:00,EURO,200916,4259,236122.42857142858,5484.571428571428
312,2020-12-01 00:00:00+00:00,EURO,198300,5263,237578.14285714287,5495.571428571428
313,2020-12-02 00:00:00+00:00,EURO,232905,6101,238136.0,5449.0
314,2020-12-03 00:00:00+00:00,EURO,258375,5673,238846.7142857143,5478.285714285715
315,2020-12-04 00:00:00+00:00,EURO,262514,5988,237843.57142857142,5518.714285714285
316,2020-12-05 00:00:00+00:00,EURO,259517,6273,237686.2857142857,5501.0
317,2020-12-06 00:00:00+00:00,EURO,254779,5068,238186.57142857142,5517.857142857143
318,2020-12-07 00:00:00+00:00,EURO,202028,4258,238345.42857142858,5517.714285714285
319,2020-12-08 00:00:00+00:00,EURO,202894,4885,239001.7142857143,5463.714285714285
320,2020-12-09 00:00:00+00:00,EURO,245112,6216,240745.57142857142,5480.142857142857
321,2020-12-10 00:00:00+00:00,EURO,262054,5463,241271.14285714287,5450.142857142857
322,2020-12-11 00:00:00+00:00,EURO,269612,6017,242285.14285714287,5454.285714285715
323,2020-12-12 00:00:00+00:00,EURO,268383,6485,243551.7142857143,5484.571428571428
324,2020-12-13 00:00:00+00:00,EURO,263759,5207,244834.57142857142,5504.428571428572
325,2020-12-14 00:00:00+00:00,EURO,215067,4517,246697.2857142857,5541.428571428572
326,2020-12-15 00:00:00+00:00,EURO,210467,4966,247779.14285714287,5553.0
327,2020-12-16 00:00:00+00:00,EURO,264889,6711,250604.42857142858,5623.714285714285
328,2020-12-17 00:00:00+00:00,EURO,289183,6029,254480.0,5704.571428571428
329,2020-12-18 00:00:00+00:00,EURO,287553,5878,257043.0,5684.714285714285
330,2020-12-19 00:00:00+00:00,EURO,272006,6567,257560.57142857142,5696.428571428572
331,2020-12-20 00:00:00+00:00,EURO,264339,5068,257643.42857142858,5676.571428571428
332,2020-12-21 00:00:00+00:00,EURO,212197,4403,257233.42857142858,5660.285714285715
333,2020-12-22 00:00:00+00:00,EURO,214850,4886,257859.57142857142,5648.857142857143
334,2020-12-23 00:00:00+00:00,EURO,260558,6395,257240.85714285713,5603.714285714285
335,2020-12-24 00:00:00+00:00,EURO,274009,6082,255073.14285714287,5611.285714285715
336,2020-12-25 00:00:00+00:00,EURO,271031,5535,252712.85714285713,5562.285714285715
337,2020-12-26 00:00:00+00:00,EURO,206217,4500,243314.42857142858,5267.0
338,2020-12-27 00:00:00+00:00,EURO,166072,3961,229276.2857142857,5108.857142857143
339,2020-12-28 00:00:00+00:00,EURO,183466,4251,225171.85714285713,5087.142857142857
340,2020-12-29 00:00:00+00:00,EURO,214876,5057,225175.57142857142,5111.571428571428
341,2020-12-30 00:00:00+00:00,EURO,256173,6893,224549.14285714287,5182.714285714285
342,2020-12-31 00:00:00+00:00,EURO,316097,6208,230561.7142857143,5200.714285714285
343,2021-01-01 00:00:00+00:00,EURO,317002,5954,237129.0,5260.571428571428
344,2021-01-02 00:00:00+00:00,EURO,226687,4445,240053.2857142857,5252.714285714285
345,2021-01-03 00:00:00+00:00,EURO,185703,4054,242857.7142857143,5266.0
346,2021-01-04 00:00:00+00:00,EURO,214158,4263,247242.2857142857,5267.714285714285
347,2021-01-05 00:00:00+00:00,EURO,234193,4913,250001.85714285713,5247.142857142857
348,2021-01-06 00:00:00+00:00,EURO,303785,6328,256803.57142857142,5166.428571428572
349,2021-01-07 00:00:00+00:00,EURO,327690,5591,258459.7142857143,5078.285714285715
350,2021-01-08 00:00:00+00:00,EURO,273046,5284,252180.2857142857,4982.571428571428
351,2021-01-09 00:00:00+00:00,EURO,271363,6112,258562.57142857142,5220.714285714285
352,2021-01-10 00:00:00+00:00,EURO,273045,5099,271040.0,5370.0
353,2021-01-11 00:00:00+00:00,EURO,215351,4439,271210.4285714286,5395.142857142857
354,2021-01-12 00:00:00+00:00,EURO,200764,5212,266434.85714285716,5437.857142857143
355,2021-01-13 00:00:00+00:00,EURO,263395,6324,260664.85714285713,5437.285714285715
356,2021-01-14 00:00:00+00:00,EURO,281500,5967,254066.2857142857,5491.0
357,2021-01-15 00:00:00+00:00,EURO,264797,6030,252887.85714285713,5597.571428571428
358,2021-01-16 00:00:00+00:00,EURO,241626,6266,248639.7142857143,5619.571428571428
359,2021-01-17 00:00:00+00:00,EURO,249782,5344,245316.42857142858,5654.571428571428
360,2021-01-18 00:00:00+00:00,EURO,186342,4756,241172.2857142857,5699.857142857143
361,2021-01-19 00:00:00+00:00,EURO,176902,5300,237763.42857142858,5712.428571428572
362,2021-01-20 00:00:00+00:00,EURO,228351,6451,232757.14285714287,5730.571428571428
363,2021-01-21 00:00:00+00:00,EURO,253135,6328,228705.0,5782.142857142857
364,2021-01-22 00:00:00+00:00,EURO,234287,6151,224346.42857142858,5799.428571428572
365,2021-01-23 00:00:00+00:00,EURO,214473,6196,220467.42857142858,5789.428571428572
366,2021-01-24 00:00:00+00:00,EURO,224102,5379,216798.85714285713,5794.428571428572
367,2021-01-25 00:00:00+00:00,EURO,164988,4497,213748.2857142857,5757.428571428572
368,2021-01-26 00:00:00+00:00,EURO,151760,5291,210156.57142857142,5756.142857142857
369,2021-01-27 00:00:00+00:00,EURO,203653,5972,206628.2857142857,5687.714285714285
370,2021-01-28 00:00:00+00:00,EURO,230899,5681,203451.7142857143,5595.285714285715
371,2021-01-29 00:00:00+00:00,EURO,211767,5674,200234.57142857142,5527.142857142857
372,2021-01-30 00:00:00+00:00,EURO,188944,5904,196587.57142857142,5485.428571428572
373,2021-01-31 00:00:00+00:00,EURO,196517,4823,192646.85714285713,5406.0
374,2021-02-01 00:00:00+00:00,EURO,149477,4088,190431.0,5347.571428571428
375,2021-02-02 00:00:00+00:00,EURO,140184,4725,188777.2857142857,5266.714285714285
376,2021-02-03 00:00:00+00:00,EURO,174151,5564,184562.7142857143,5208.428571428572
377,2021-02-04 00:00:00+00:00,EURO,195232,5097,179467.42857142858,5125.0
378,2021-02-05 00:00:00+00:00,EURO,180274,4992,174968.42857142858,5027.571428571428
379,2021-02-06 00:00:00+00:00,EURO,160813,4888,170949.7142857143,4882.428571428572
380,2021-02-07 00:00:00+00:00,EURO,164483,3876,166373.42857142858,4747.142857142857
381,2021-02-08 00:00:00+00:00,EURO,125350,3508,162926.7142857143,4664.285714285715
382,2021-02-09 00:00:00+00:00,EURO,119836,4037,160019.85714285713,4566.0
383,2021-02-10 00:00:00+00:00,EURO,147204,4888,156170.2857142857,4469.428571428572
384,2021-02-11 00:00:00+00:00,EURO,163603,4339,151651.85714285713,4361.142857142857
385,2021-02-12 00:00:00+00:00,EURO,153910,4124,147885.57142857142,4237.142857142857
386,2021-02-13 00:00:00+00:00,EURO,139351,4275,144819.57142857142,4149.571428571428
387,2021-02-14 00:00:00+00:00,EURO,143182,3191,141776.57142857142,4051.714285714286
388,2021-02-15 00:00:00+00:00,EURO,108592,2828,139382.57142857142,3954.5714285714284
389,2021-02-16 00:00:00+00:00,EURO,112862,3351,138386.2857142857,3856.5714285714284
390,2021-02-17 00:00:00+00:00,EURO,144398,3983,137985.42857142858,3727.285714285714
391,2021-02-18 00:00:00+00:00,EURO,158874,3716,137309.85714285713,3638.285714285714
392,2021-02-19 00:00:00+00:00,EURO,152482,3542,137105.85714285713,3555.1428571428573
393,2021-02-20 00:00:00+00:00,EURO,140828,3677,137316.85714285713,3469.714285714286
394,2021-02-21 00:00:00+00:00,EURO,151391,2738,138489.57142857142,3405.0
395,2021-02-22 00:00:00+00:00,EURO,120054,2373,140127.0,3340.0
396,2021-02-23 00:00:00+00:00,EURO,123818,3005,141692.14285714287,3290.5714285714284
397,2021-02-24 00:00:00+00:00,EURO,160288,3496,143962.14285714287,3221.0
398,2021-02-25 00:00:00+00:00,EURO,173870,3170,146104.42857142858,3143.0
399,2021-02-26 00:00:00+00:00,EURO,168783,3202,148433.14285714287,3094.4285714285716
400,2021-02-27 00:00:00+00:00,EURO,157380,3391,150797.7142857143,3053.5714285714284
401,2021-02-28 00:00:00+00:00,EURO,161016,2665,152172.7142857143,3043.1428571428573
402,2021-03-01 00:00:00+00:00,EURO,126241,2235,153056.57142857142,3023.4285714285716
403,2021-03-02 00:00:00+00:00,EURO,131481,2969,154151.2857142857,3018.285714285714
404,2021-03-03 00:00:00+00:00,EURO,169857,3361,155518.2857142857,2999.0
405,2021-03-04 00:00:00+00:00,EURO,191796,3200,158079.14285714287,3003.285714285714
406,2021-03-05 00:00:00+00:00,EURO,180339,3111,159730.0,2990.285714285714
407,2021-03-06 00:00:00+00:00,EURO,168310,3065,161291.42857142858,2943.714285714286
408,2021-03-07 00:00:00+00:00,EURO,178339,2475,163766.14285714287,2916.5714285714284
409,2021-03-08 00:00:00+00:00,EURO,134393,2202,164930.7142857143,2911.8571428571427
410,2021-03-09 00:00:00+00:00,EURO,140634,2950,166238.2857142857,2909.1428571428573
411,2021-03-10 00:00:00+00:00,EURO,182585,3509,168056.57142857142,2930.285714285714
412,2021-03-11 00:00:00+00:00,EURO,205860,3401,170065.7142857143,2959.0
413,2021-03-12 00:00:00+00:00,EURO,201682,3330,173114.7142857143,2990.285714285714
414,2021-03-13 00:00:00+00:00,EURO,197407,3277,177271.42857142858,3020.5714285714284
415,2021-03-14 00:00:00+00:00,EURO,206468,2570,181289.85714285713,3034.1428571428573
416,2021-03-15 00:00:00+00:00,EURO,162153,2360,185255.57142857142,3056.714285714286
417,2021-03-16 00:00:00+00:00,EURO,167287,3246,189063.14285714287,3099.0
418,2021-03-17 00:00:00+00:00,EURO,208174,3693,192718.7142857143,3125.285714285714
419,2021-03-18 00:00:00+00:00,EURO,240809,3468,197711.42857142858,3134.8571428571427
420,2021-03-19 00:00:00+00:00,EURO,234468,3493,202395.14285714287,3158.1428571428573
421,2021-03-20 00:00:00+00:00,EURO,217108,3347,205209.57142857142,3168.1428571428573
422,2021-03-21 00:00:00+00:00,EURO,232861,2732,208980.0,3191.285714285714
423,2021-03-22 00:00:00+00:00,EURO,185756,4696,212351.85714285713,3525.0
424,2021-03-23 00:00:00+00:00,EURO,198218,3545,216770.57142857142,3567.714285714286
425,2021-03-24 00:00:00+00:00,EURO,237813,3932,221004.7142857143,3601.8571428571427
426,2021-03-25 00:00:00+00:00,EURO,273060,3836,225612.0,3654.4285714285716
427,2021-03-26 00:00:00+00:00,EURO,264800,3644,229945.14285714287,3676.0
428,2021-03-27 00:00:00+00:00,EURO,236695,4165,232743.2857142857,3792.8571428571427
429,2021-03-28 00:00:00+00:00,EURO,263282,2985,237089.14285714287,3829.0
430,2021-03-29 00:00:00+00:00,EURO,204230,2539,239728.2857142857,3520.8571428571427
431,2021-03-30 00:00:00+00:00,EURO,203392,3707,240467.42857142858,3544.0
432,2021-03-31 00:00:00+00:00,EURO,246050,4543,241644.14285714287,3631.285714285714
433,2021-04-01 00:00:00+00:00,EURO,284211,4079,243237.14285714287,3666.0
434,2021-04-02 00:00:00+00:00,EURO,270744,4100,244086.2857142857,3731.1428571428573
435,2021-04-03 00:00:00+00:00,EURO,235265,4003,243882.0,3708.0
436,2021-04-04 00:00:00+00:00,EURO,208118,3029,236001.42857142858,3714.285714285714
437,2021-04-05 00:00:00+00:00,EURO,209287,2952,236723.85714285713,3773.285714285714
438,2021-04-06 00:00:00+00:00,EURO,179109,3050,233254.85714285713,3679.4285714285716
439,2021-04-07 00:00:00+00:00,EURO,213423,4279,228593.85714285713,3641.714285714286
440,2021-04-08 00:00:00+00:00,EURO,264866,4879,225830.2857142857,3756.0
441,2021-04-09 00:00:00+00:00,EURO,271816,4535,225983.42857142858,3818.1428571428573
442,2021-04-10 00:00:00+00:00,EURO,245108,4595,227389.57142857142,3902.714285714286
443,2021-04-11 00:00:00+00:00,EURO,261231,3112,234977.14285714287,3914.5714285714284
444,2021-04-12 00:00:00+00:00,EURO,204460,2976,234287.57142857142,3918.0
445,2021-04-13 00:00:00+00:00,EURO,193624,3908,236361.14285714287,4040.5714285714284
446,2021-04-14 00:00:00+00:00,EURO,236650,4458,239679.2857142857,4066.1428571428573
447,2021-04-15 00:00:00+00:00,EURO,266783,4254,239953.14285714287,3976.8571428571427
448,2021-04-16 00:00:00+00:00,EURO,253522,4166,237339.7142857143,3924.1428571428573
449,2021-04-17 00:00:00+00:00,EURO,228130,4102,234914.2857142857,3853.714285714286
450,2021-04-18 00:00:00+00:00,EURO,241716,2988,232126.42857142858,3836.0
451,2021-04-19 00:00:00+00:00,EURO,190455,2905,230125.7142857143,3825.8571428571427
452,2021-04-20 00:00:00+00:00,EURO,183250,3904,228643.7142857143,3825.285714285714
453,2021-04-21 00:00:00+00:00,EURO,216470,4279,225760.85714285713,3799.714285714286
454,2021-04-22 00:00:00+00:00,EURO,249602,4186,223306.42857142858,3790.0
455,2021-04-23 00:00:00+00:00,EURO,228688,3923,219758.7142857143,3755.285714285714
456,2021-04-24 00:00:00+00:00,EURO,196465,3796,215235.14285714287,3711.5714285714284
457,2021-04-25 00:00:00+00:00,EURO,195578,2909,208644.0,3700.285714285714
458,2021-04-26 00:00:00+00:00,EURO,157054,2634,203872.42857142858,3661.5714285714284
459,2021-04-27 00:00:00+00:00,EURO,142796,3637,198093.2857142857,3623.4285714285716
460,2021-04-28 00:00:00+00:00,EURO,174803,3875,192140.85714285713,3565.714285714286
461,2021-04-29 00:00:00+00:00,EURO,201447,3647,185261.57142857142,3488.714285714286
462,2021-04-30 00:00:00+00:00,EURO,171843,3427,177140.85714285713,3417.8571428571427
463,2021-05-01 00:00:00+00:00,EURO,156678,3372,171457.0,3357.285714285714
464,2021-05-02 00:00:00+00:00,EURO,157402,2418,166003.2857142857,3287.1428571428573
465,2021-05-03 00:00:00+00:00,EURO,119956,2247,160703.57142857142,3231.8571428571427
466,2021-05-04 00:00:00+00:00,EURO,107591,2444,155674.2857142857,3061.4285714285716
467,2021-05-05 00:00:00+00:00,EURO,128212,2874,149018.42857142858,2918.4285714285716
468,2021-05-06 00:00:00+00:00,EURO,156523,3370,142600.7142857143,2878.8571428571427
469,2021-05-07 00:00:00+00:00,EURO,139720,3007,138011.7142857143,2818.8571428571427
470,2021-05-08 00:00:00+00:00,EURO,126526,2854,133704.2857142857,2744.8571428571427
471,2021-05-09 00:00:00+00:00,EURO,132900,2260,130204.0,2722.285714285714
472,2021-05-10 00:00:00+00:00,EURO,100075,1971,127363.85714285714,2682.8571428571427
473,2021-05-11 00:00:00+00:00,EURO,89400,2376,124765.14285714286,2673.1428571428573
474,2021-05-12 00:00:00+00:00,EURO,92283,2710,119632.42857142857,2649.714285714286
475,2021-05-13 00:00:00+00:00,EURO,122618,2617,114788.85714285714,2542.1428571428573
476,2021-05-14 00:00:00+00:00,EURO,108040,2342,110263.14285714286,2447.1428571428573
477,2021-05-15 00:00:00+00:00,EURO,91236,2339,105221.71428571429,2373.5714285714284
478,2021-05-16 00:00:00+00:00,EURO,93885,1687,99648.14285714286,2291.714285714286
479,2021-05-17 00:00:00+00:00,EURO,81070,1582,96933.14285714286,2236.1428571428573
480,2021-05-18 00:00:00+00:00,EURO,73890,2099,94717.42857142857,2196.5714285714284
481,2021-05-19 00:00:00+00:00,EURO,87629,2195,94052.57142857143,2123.0
482,2021-05-20 00:00:00+00:00,EURO,100161,1999,90844.42857142857,2034.7142857142858
483,2021-05-21 00:00:00+00:00,EURO,84487,1863,87479.71428571429,1966.2857142857142
484,2021-05-22 00:00:00+00:00,EURO,87715,1859,86976.71428571429,1897.7142857142858
485,2021-05-23 00:00:00+00:00,EURO,75462,1451,84344.85714285714,1864.0
486,2021-05-24 00:00:00+00:00,EURO,59182,1164,81218.0,1804.2857142857142
487,2021-05-25 00:00:00+00:00,EURO,45955,1555,77227.28571428571,1726.5714285714287
488,2021-05-26 00:00:00+00:00,EURO,59113,1903,73153.57142857143,1684.857142857143
489,2021-05-27 00:00:00+00:00,EURO,74832,1595,69535.14285714286,1627.142857142857
490,2021-05-28 00:00:00+00:00,EURO,78278,1622,68648.14285714286,1592.7142857142858
491,2021-05-29 00:00:00+00:00,EURO,72663,1480,66497.85714285714,1538.5714285714287
492,2021-05-30 00:00:00+00:00,EURO,62575,1131,64656.857142857145,1492.857142857143
493,2021-05-31 00:00:00+00:00,EURO,51521,1162,63562.42857142857,1492.5714285714287
494,2021-06-01 00:00:00+00:00,EURO,44721,1368,63386.142857142855,1465.857142857143
495,2021-06-02 00:00:00+00:00,EURO,59854,1373,63492.0,1390.142857142857
496,2021-06-03 00:00:00+00:00,EURO,65837,1220,62207.0,1336.5714285714287
497,2021-06-04 00:00:00+00:00,EURO,60907,1210,59725.42857142857,1277.7142857142858
498,2021-06-05 00:00:00+00:00,EURO,56347,1219,57394.57142857143,1240.4285714285713
499,2021-06-06 00:00:00+00:00,EURO,50674,981,55694.42857142857,1219.0
500,2021-06-07 00:00:00+00:00,EURO,41994,1000,54333.42857142857,1195.857142857143
501,2021-06-08 00:00:00+00:00,EURO,39168,1111,53540.142857142855,1159.142857142857
502,2021-06-09 00:00:00+00:00,EURO,52108,1397,52433.57142857143,1162.5714285714287
503,2021-06-10 00:00:00+00:00,EURO,56863,1216,51151.57142857143,1162.0
504,2021-06-11 00:00:00+00:00,EURO,55120,1157,50324.857142857145,1154.4285714285713
505,2021-06-12 00:00:00+00:00,EURO,52605,1049,49790.28571428572,1130.142857142857
506,2021-06-13 00:00:00+00:00,EURO,50350,842,49744.0,1110.2857142857142
507,2021-06-14 00:00:00+00:00,EURO,41216,792,49632.857142857145,1080.5714285714287
508,2021-06-15 00:00:00+00:00,EURO,40081,893,49763.28571428572,1049.4285714285713
509,2021-06-16 00:00:00+00:00,EURO,48620,1081,49265.0,1004.2857142857143
510,2021-06-17 00:00:00+00:00,EURO,52621,1028,48659.0,977.4285714285714
511,2021-06-18 00:00:00+00:00,EURO,54745,990,48605.42857142857,953.5714285714286
512,2021-06-19 00:00:00+00:00,EURO,55792,967,49060.71428571428,941.8571428571429
513,2021-06-20 00:00:00+00:00,EURO,51435,816,49215.71428571428,938.1428571428571
514,2021-06-21 00:00:00+00:00,EURO,43689,781,49569.0,936.5714285714286
515,2021-06-22 00:00:00+00:00,EURO,42944,951,49978.0,944.8571428571429
516,2021-06-23 00:00:00+00:00,EURO,56627,1015,51121.857142857145,935.4285714285714
517,2021-06-24 00:00:00+00:00,EURO,63967,1049,52742.71428571428,938.4285714285714
518,2021-06-25 00:00:00+00:00,EURO,63808,1108,54037.42857142857,955.2857142857143
519,2021-06-26 00:00:00+00:00,EURO,64993,1107,55351.857142857145,975.2857142857143
520,2021-06-27 00:00:00+00:00,EURO,63157,1101,57026.42857142857,1016.0
521,2021-06-28 00:00:00+00:00,EURO,58134,981,59090.0,1044.5714285714287
522,2021-06-29 00:00:00+00:00,EURO,58515,1008,61314.42857142857,1052.7142857142858
523,2021-06-30 00:00:00+00:00,EURO,79897,1304,64638.71428571428,1094.0
524,2021-07-01 00:00:00+00:00,EURO,87466,1164,67995.71428571429,1110.4285714285713
525,2021-07-02 00:00:00+00:00,EURO,90898,1016,71865.71428571429,1097.2857142857142
526,2021-07-03 00:00:00+00:00,EURO,92909,1048,75853.71428571429,1088.857142857143
527,2021-07-04 00:00:00+00:00,EURO,90938,883,79822.42857142857,1057.7142857142858
528,2021-07-05 00:00:00+00:00,EURO,81219,1059,83120.28571428571,1068.857142857143
529,2021-07-06 00:00:00+00:00,EURO,78242,1050,85938.42857142857,1074.857142857143
530,2021-07-07 00:00:00+00:00,EURO,104629,1034,89471.57142857143,1036.2857142857142
531,2021-07-08 00:00:00+00:00,EURO,115440,1094,93467.85714285714,1026.2857142857142
532,2021-07-09 00:00:00+00:00,EURO,124616,1036,98284.71428571429,1029.142857142857
533,2021-07-10 00:00:00+00:00,EURO,121794,1056,102411.14285714286,1030.2857142857142
534,2021-07-11 00:00:00+00:00,EURO,124224,974,107166.28571428571,1043.2857142857142
535,2021-07-12 00:00:00+00:00,EURO,106270,1151,110745.0,1056.4285714285713
536,2021-07-13 00:00:00+00:00,EURO,103840,1054,114401.85714285714,1057.0
537,2021-07-14 00:00:00+00:00,EURO,141304,1092,119641.14285714286,1065.2857142857142
538,2021-07-15 00:00:00+00:00,EURO,158528,1062,125796.57142857143,1060.7142857142858
539,2021-07-16 00:00:00+00:00,EURO,164132,1056,131441.7142857143,1063.5714285714287
540,2021-07-17 00:00:00+00:00,EURO,175870,1038,139166.85714285713,1061.0
541,2021-07-18 00:00:00+00:00,EURO,170245,1017,145741.2857142857,1067.142857142857
542,2021-07-19 00:00:00+00:00,EURO,137992,1336,150273.0,1093.5714285714287
543,2021-07-20 00:00:00+00:00,EURO,123108,1085,153025.57142857142,1098.0
544,2021-07-21 00:00:00+00:00,EURO,169136,1104,157001.57142857142,1099.7142857142858
545,2021-07-22 00:00:00+00:00,EURO,168820,1152,158471.85714285713,1112.5714285714287
546,2021-07-23 00:00:00+00:00,EURO,167052,1117,158889.0,1121.2857142857142
547,2021-07-24 00:00:00+00:00,EURO,162048,1165,156914.42857142858,1139.4285714285713
548,2021-07-25 00:00:00+00:00,EURO,158159,1124,155187.85714285713,1154.7142857142858
549,2021-07-26 00:00:00+00:00,EURO,128026,1603,153764.14285714287,1192.857142857143
550,2021-07-27 00:00:00+00:00,EURO,117172,1179,152916.14285714287,1206.2857142857142
551,2021-07-28 00:00:00+00:00,EURO,166539,1177,152545.14285714287,1216.7142857142858
552,2021-07-29 00:00:00+00:00,EURO,179300,1244,154042.2857142857,1229.857142857143
553,2021-07-30 00:00:00+00:00,EURO,172557,1203,154828.7142857143,1242.142857142857
554,2021-07-31 00:00:00+00:00,EURO,170122,1276,155982.14285714287,1258.0
555,2021-08-01 00:00:00+00:00,EURO,162471,1291,156598.14285714287,1281.857142857143
556,2021-08-02 00:00:00+00:00,EURO,135290,1203,157635.85714285713,1224.7142857142858
557,2021-08-03 00:00:00+00:00,EURO,120933,2110,158173.14285714287,1357.7142857142858
558,2021-08-04 00:00:00+00:00,EURO,165468,1393,158020.14285714287,1388.5714285714287
559,2021-08-05 00:00:00+00:00,EURO,182587,1360,158489.7142857143,1405.142857142857
560,2021-08-06 00:00:00+00:00,EURO,179604,1368,159496.42857142858,1428.7142857142858
561,2021-08-07 00:00:00+00:00,EURO,174112,1401,160066.42857142858,1446.5714285714287
562,2021-08-08 00:00:00+00:00,EURO,169935,1339,161132.7142857143,1453.4285714285713
563,2021-08-09 00:00:00+00:00,EURO,141064,2170,161957.57142857142,1591.5714285714287
564,2021-08-10 00:00:00+00:00,EURO,124665,1394,162490.7142857143,1489.2857142857142
565,2021-08-11 00:00:00+00:00,EURO,179774,1462,164534.42857142858,1499.142857142857
566,2021-08-12 00:00:00+00:00,EURO,194091,1476,166177.85714285713,1515.7142857142858
567,2021-08-13 00:00:00+00:00,EURO,187306,1509,167278.14285714287,1535.857142857143
568,2021-08-14 00:00:00+00:00,EURO,179515,1571,168050.0,1560.142857142857
569,2021-08-15 00:00:00+00:00,EURO,170221,1507,168090.85714285713,1584.142857142857
570,2021-08-16 00:00:00+00:00,EURO,144484,2389,168579.42857142858,1615.4285714285713
571,2021-08-17 00:00:00+00:00,EURO,132434,1586,169689.2857142857,1642.857142857143
572,2021-08-18 00:00:00+00:00,EURO,176490,1624,169220.14285714287,1666.0
573,2021-08-19 00:00:00+00:00,EURO,196570,1735,169574.2857142857,1703.0
574,2021-08-20 00:00:00+00:00,EURO,191183,1755,170128.14285714287,1738.142857142857
575,2021-08-21 00:00:00+00:00,EURO,185110,1684,170927.42857142858,1754.2857142857142
576,2021-08-22 00:00:00+00:00,EURO,175693,1730,171709.14285714287,1786.142857142857
577,2021-08-23 00:00:00+00:00,EURO,147166,2600,172092.2857142857,1816.2857142857142
578,2021-08-24 00:00:00+00:00,EURO,136151,1746,172623.2857142857,1839.142857142857
579,2021-08-25 00:00:00+00:00,EURO,189234,1921,174443.85714285713,1881.5714285714287
580,2021-08-26 00:00:00+00:00,EURO,196397,1929,174419.14285714287,1909.2857142857142
581,2021-08-27 00:00:00+00:00,EURO,191200,1841,174421.57142857142,1921.5714285714287
582,2021-08-28 00:00:00+00:00,EURO,177943,1841,173397.7142857143,1944.0
583,2021-08-29 00:00:00+00:00,EURO,169675,1856,172538.0,1962.0
584,2021-08-30 00:00:00+00:00,EURO,139657,1812,171465.2857142857,1849.4285714285713
585,2021-08-31 00:00:00+00:00,EURO,130869,3008,170710.7142857143,2029.7142857142858
586,2021-09-01 00:00:00+00:00,EURO,176346,2040,168869.57142857142,2046.7142857142858
587,2021-09-02 00:00:00+00:00,EURO,201362,2059,169578.85714285713,2065.285714285714
588,2021-09-03 00:00:00+00:00,EURO,191301,2064,169593.2857142857,2097.1428571428573
589,2021-09-04 00:00:00+00:00,EURO,180909,2052,170017.0,2127.285714285714
590,2021-09-05 00:00:00+00:00,EURO,165612,1859,169436.57142857142,2127.714285714286
591,2021-09-06 00:00:00+00:00,EURO,137418,2542,169116.7142857143,2232.0
592,2021-09-07 00:00:00+00:00,EURO,132864,1990,169401.7142857143,2086.5714285714284
593,2021-09-08 00:00:00+00:00,EURO,177290,2147,169536.57142857142,2101.8571428571427
594,2021-09-09 00:00:00+00:00,EURO,179464,2141,166408.2857142857,2113.5714285714284
595,2021-09-10 00:00:00+00:00,EURO,173575,2079,163876.0,2115.714285714286
596,2021-09-11 00:00:00+00:00,EURO,172735,1971,162708.2857142857,2104.1428571428573
597,2021-09-12 00:00:00+00:00,EURO,155636,1867,161283.14285714287,2105.285714285714
598,2021-09-13 00:00:00+00:00,EURO,132015,2407,160511.2857142857,2086.0
599,2021-09-14 00:00:00+00:00,EURO,128788,2024,159929.0,2090.8571428571427
600,2021-09-15 00:00:00+00:00,EURO,175572,2194,159683.57142857142,2097.5714285714284
601,2021-09-16 00:00:00+00:00,EURO,179337,2151,159665.42857142858,2099.0
602,2021-09-17 00:00:00+00:00,EURO,169953,2140,159148.0,2107.714285714286
603,2021-09-18 00:00:00+00:00,EURO,164385,2056,157955.14285714287,2119.8571428571427
604,2021-09-19 00:00:00+00:00,EURO,159005,1948,158436.42857142858,2131.4285714285716
605,2021-09-20 00:00:00+00:00,EURO,133359,2242,158628.42857142858,2107.8571428571427
606,2021-09-21 00:00:00+00:00,EURO,138432,2132,160006.14285714287,2123.285714285714
607,2021-09-22 00:00:00+00:00,EURO,174248,2291,159817.0,2137.1428571428573
608,2021-09-23 00:00:00+00:00,EURO,180090,2150,159924.57142857142,2137.0
609,2021-09-24 00:00:00+00:00,EURO,175413,2218,160704.57142857142,2148.1428571428573
610,2021-09-25 00:00:00+00:00,EURO,167685,2153,161176.0,2162.0
611,2021-09-26 00:00:00+00:00,EURO,153124,1911,160335.85714285713,2156.714285714286
612,2021-09-27 00:00:00+00:00,EURO,134142,1904,160447.7142857143,2108.4285714285716
613,2021-09-28 00:00:00+00:00,EURO,141800,2202,160928.85714285713,2118.4285714285716
614,2021-09-29 00:00:00+00:00,EURO,181370,2414,161946.2857142857,2136.0
615,2021-09-30 00:00:00+00:00,EURO,188636,2403,163167.14285714287,2172.1428571428573
616,2021-10-01 00:00:00+00:00,EURO,186533,2319,164755.7142857143,2186.5714285714284
617,2021-10-02 00:00:00+00:00,EURO,176860,2287,166066.42857142858,2205.714285714286
618,2021-10-03 00:00:00+00:00,EURO,162061,2147,167343.14285714287,2239.4285714285716
619,2021-10-04 00:00:00+00:00,EURO,138920,2070,168025.7142857143,2263.1428571428573
620,2021-10-05 00:00:00+00:00,EURO,151719,2492,169442.7142857143,2304.5714285714284
621,2021-10-06 00:00:00+00:00,EURO,193473,2629,171171.7142857143,2335.285714285714
622,2021-10-07 00:00:00+00:00,EURO,202461,2670,173146.7142857143,2373.4285714285716
623,2021-10-08 00:00:00+00:00,EURO,201209,2597,175243.2857142857,2413.1428571428573
624,2021-10-09 00:00:00+00:00,EURO,199131,2611,178424.85714285713,2459.4285714285716
625,2021-10-10 00:00:00+00:00,EURO,181259,2350,181167.42857142858,2488.4285714285716
626,2021-10-11 00:00:00+00:00,EURO,158183,2247,183919.2857142857,2513.714285714286
627,2021-10-12 00:00:00+00:00,EURO,169340,2656,186436.57142857142,2537.1428571428573
628,2021-10-13 00:00:00+00:00,EURO,222124,3087,190529.57142857142,2602.5714285714284
629,2021-10-14 00:00:00+00:00,EURO,231079,3006,194617.85714285713,2650.5714285714284
630,2021-10-15 00:00:00+00:00,EURO,224342,2680,197922.57142857142,2662.4285714285716
631,2021-10-16 00:00:00+00:00,EURO,224328,2761,201522.14285714287,2683.8571428571427
632,2021-10-17 00:00:00+00:00,EURO,210314,2563,205672.85714285713,2714.285714285714
633,2021-10-18 00:00:00+00:00,EURO,178811,2449,208619.7142857143,2743.1428571428573
634,2021-10-19 00:00:00+00:00,EURO,201239,3106,213176.7142857143,2807.4285714285716
635,2021-10-20 00:00:00+00:00,EURO,260316,3412,218632.7142857143,2853.8571428571427
636,2021-10-21 00:00:00+00:00,EURO,274345,3302,224813.57142857142,2896.1428571428573
637,2021-10-22 00:00:00+00:00,EURO,271327,3439,231525.7142857143,3004.5714285714284
638,2021-10-23 00:00:00+00:00,EURO,265660,3309,237430.2857142857,3082.8571428571427
639,2021-10-24 00:00:00+00:00,EURO,243025,3140,242103.2857142857,3165.285714285714
640,2021-10-25 00:00:00+00:00,EURO,209169,2952,246440.14285714287,3237.1428571428573
641,2021-10-26 00:00:00+00:00,EURO,215072,3653,248416.2857142857,3315.285714285714
642,2021-10-27 00:00:00+00:00,EURO,278510,3817,251015.42857142858,3373.1428571428573
643,2021-10-28 00:00:00+00:00,EURO,294814,3882,253939.57142857142,3456.0
644,2021-10-29 00:00:00+00:00,EURO,290048,3845,256614.0,3514.0
645,2021-10-30 00:00:00+00:00,EURO,283839,3772,259211.0,3580.1428571428573
646,2021-10-31 00:00:00+00:00,EURO,259780,3235,261604.57142857142,3593.714285714286
647,2021-11-01 00:00:00+00:00,EURO,225622,3284,263955.0,3641.1428571428573
648,2021-11-02 00:00:00+00:00,EURO,223366,3771,265139.85714285716,3658.0
649,2021-11-03 00:00:00+00:00,EURO,280184,4275,265379.0,3723.4285714285716
650,2021-11-04 00:00:00+00:00,EURO,317862,4387,268671.5714285714,3795.5714285714284
651,2021-11-05 00:00:00+00:00,EURO,331928,4354,274654.4285714286,3868.285714285714
652,2021-11-06 00:00:00+00:00,EURO,321463,4332,280029.28571428574,3948.285714285714
653,2021-11-07 00:00:00+00:00,EURO,285324,3614,283678.4285714286,4002.4285714285716
654,2021-11-08 00:00:00+00:00,EURO,247332,3485,286779.85714285716,4031.1428571428573
655,2021-11-09 00:00:00+00:00,EURO,260044,4364,292019.5714285714,4115.857142857143
656,2021-11-10 00:00:00+00:00,EURO,337603,4719,300222.28571428574,4179.285714285715
657,2021-11-11 00:00:00+00:00,EURO,363387,4592,306725.85714285716,4208.571428571428
658,2021-11-12 00:00:00+00:00,EURO,349463,4357,309230.85714285716,4209.0
659,2021-11-13 00:00:00+00:00,EURO,337765,4444,311559.71428571426,4225.0
660,2021-11-14 00:00:00+00:00,EURO,310768,3765,315194.5714285714,4246.571428571428
661,2021-11-15 00:00:00+00:00,EURO,271803,3789,318690.4285714286,4290.0
662,2021-11-16 00:00:00+00:00,EURO,287209,4557,322571.14285714284,4317.571428571428
663,2021-11-17 00:00:00+00:00,EURO,382433,4931,328975.4285714286,4347.857142857143
664,2021-11-18 00:00:00+00:00,EURO,410072,4964,335644.71428571426,4401.0
665,2021-11-19 00:00:00+00:00,EURO,406836,4845,343840.85714285716,4470.714285714285
666,2021-11-20 00:00:00+00:00,EURO,394533,4603,351950.5714285714,4493.428571428572
667,2021-11-21 00:00:00+00:00,EURO,360986,3716,359124.5714285714,4486.428571428572
668,2021-11-22 00:00:00+00:00,EURO,313560,3616,365089.85714285716,4461.714285714285
669,2021-11-23 00:00:00+00:00,EURO,313874,4648,368899.14285714284,4474.714285714285
670,2021-11-24 00:00:00+00:00,EURO,421592,4865,374493.28571428574,4465.285714285715
671,2021-11-25 00:00:00+00:00,EURO,451835,4939,380459.4285714286,4461.714285714285
672,2021-11-26 00:00:00+00:00,EURO,455136,4701,387359.4285714286,4441.142857142857
673,2021-11-27 00:00:00+00:00,EURO,419859,4379,390977.4285714286,4409.142857142857
674,2021-11-28 00:00:00+00:00,EURO,372412,3763,392609.71428571426,4415.857142857143
675,2021-11-29 00:00:00+00:00,EURO,327195,3799,394557.5714285714,4442.0
676,2021-11-30 00:00:00+00:00,EURO,313776,4537,394543.5714285714,4426.142857142857
677,2021-12-01 00:00:00+00:00,EURO,434480,4849,396384.71428571426,4423.857142857143
678,2021-12-02 00:00:00+00:00,EURO,461042,4675,397700.0,4386.142857142857
679,2021-12-03 00:00:00+00:00,EURO,463698,4553,398923.14285714284,4365.0
680,2021-12-04 00:00:00+00:00,EURO,434546,4406,401021.28571428574,4368.857142857143
681,2021-12-05 00:00:00+00:00,EURO,390707,3525,403634.85714285716,4334.857142857143
682,2021-12-06 00:00:00+00:00,EURO,329806,3639,404007.85714285716,4312.0
683,2021-12-07 00:00:00+00:00,EURO,296708,4390,401569.5714285714,4291.0
684,2021-12-08 00:00:00+00:00,EURO,423223,4625,399961.4285714286,4259.0
685,2021-12-09 00:00:00+00:00,EURO,454632,4593,399045.71428571426,4247.285714285715
686,2021-12-10 00:00:00+00:00,EURO,425658,4408,393611.4285714286,4226.571428571428
687,2021-12-11 00:00:00+00:00,EURO,410685,4201,390202.71428571426,4197.285714285715
688,2021-12-12 00:00:00+00:00,EURO,379965,3287,388668.14285714284,4163.285714285715
689,2021-12-13 00:00:00+00:00,EURO,316823,3403,386813.4285714286,4129.571428571428
690,2021-12-14 00:00:00+00:00,EURO,283688,4136,384953.4285714286,4093.285714285714
691,2021-12-15 00:00:00+00:00,EURO,437420,4332,386981.5714285714,4051.4285714285716
692,2021-12-16 00:00:00+00:00,EURO,484843,4287,391297.4285714286,4007.714285714286
693,2021-12-17 00:00:00+00:00,EURO,478816,4108,398891.4285714286,3964.8571428571427
694,2021-12-18 00:00:00+00:00,EURO,456334,3825,405412.71428571426,3911.1428571428573
695,2021-12-19 00:00:00+00:00,EURO,427200,3015,412160.5714285714,3872.285714285714
696,2021-12-20 00:00:00+00:00,EURO,354632,3045,417561.85714285716,3821.1428571428573
697,2021-12-21 00:00:00+00:00,EURO,320282,3800,422789.5714285714,3773.1428571428573
698,2021-12-22 00:00:00+00:00,EURO,502579,4103,432098.0,3740.4285714285716
699,2021-12-23 00:00:00+00:00,EURO,577398,3792,445320.14285714284,3669.714285714286
700,2021-12-24 00:00:00+00:00,EURO,611284,3637,464244.14285714284,3602.4285714285716
701,2021-12-25 00:00:00+00:00,EURO,604443,3158,485402.5714285714,3507.1428571428573
702,2021-12-26 00:00:00+00:00,EURO,539110,2549,501389.71428571426,3440.5714285714284
703,2021-12-27 00:00:00+00:00,EURO,317473,2819,496081.28571428574,3408.285714285714
704,2021-12-28 00:00:00+00:00,EURO,434045,3261,512333.14285714284,3331.285714285714
705,2021-12-29 00:00:00+00:00,EURO,842991,4051,560963.4285714285,3323.8571428571427
706,2021-12-30 00:00:00+00:00,EURO,993847,3837,620456.1428571428,3330.285714285714
707,2021-12-31 00:00:00+00:00,EURO,1114223,3420,692304.5714285715,3299.285714285714
708,2022-01-01 00:00:00+00:00,EURO,1103267,3215,763565.1428571428,3307.4285714285716
709,2022-01-02 00:00:00+00:00,EURO,915209,2274,817293.5714285715,3268.1428571428573
710,2022-01-03 00:00:00+00:00,EURO,508854,2418,844633.7142857143,3210.8571428571427
711,2022-01-04 00:00:00+00:00,EURO,697663,3066,882293.4285714285,3183.0
712,2022-01-05 00:00:00+00:00,EURO,1261487,3776,942078.5714285715,3143.714285714286
713,2022-01-06 00:00:00+00:00,EURO,1486766,3523,1012495.5714285715,3098.8571428571427
714,2022-01-07 00:00:00+00:00,EURO,1380486,2869,1050533.142857143,3020.1428571428573
715,2022-01-08 00:00:00+00:00,EURO,1159073,2903,1058505.4285714286,2975.5714285714284
716,2022-01-09 00:00:00+00:00,EURO,1229959,2376,1103469.7142857143,2990.1428571428573
717,2022-01-10 00:00:00+00:00,EURO,1041982,2419,1179630.857142857,2990.285714285714
718,2022-01-11 00:00:00+00:00,EURO,855683,3375,1202205.142857143,3034.4285714285716
719,2022-01-12 00:00:00+00:00,EURO,1449760,3714,1229101.2857142857,3025.5714285714284
720,2022-01-13 00:00:00+00:00,EURO,1482169,3463,1228444.5714285714,3017.0
721,2022-01-14 00:00:00+00:00,EURO,1392988,3291,1230230.5714285714,3077.285714285714
722,2022-01-15 00:00:00+00:00,EURO,1379894,3252,1261776.4285714286,3127.1428571428573
723,2022-01-16 00:00:00+00:00,EURO,1315544,2612,1274002.857142857,3160.8571428571427
724,2022-01-17 00:00:00+00:00,EURO,1125946,2696,1285997.7142857143,3200.4285714285716
725,2022-01-18 00:00:00+00:00,EURO,981314,3480,1303945.0,3215.4285714285716
726,2022-01-19 00:00:00+00:00,EURO,1735886,3754,1344820.142857143,3221.1428571428573
727,2022-01-20 00:00:00+00:00,EURO,1802618,3401,1390598.5714285714,3212.285714285714
728,2022-01-21 00:00:00+00:00,EURO,1807869,3363,1449867.2857142857,3222.5714285714284
729,2022-01-22 00:00:00+00:00,EURO,1762702,3179,1504554.142857143,3212.1428571428573
730,2022-01-23 00:00:00+00:00,EURO,1651370,2851,1552529.2857142857,3246.285714285714
731,2022-01-24 00:00:00+00:00,EURO,1404994,2577,1592393.2857142857,3229.285714285714
732,2022-01-25 00:00:00+00:00,EURO,1165092,3475,1618647.2857142857,3228.5714285714284
733,2022-01-26 00:00:00+00:00,EURO,2038107,3797,1661821.7142857143,3234.714285714286
734,2022-01-27 00:00:00+00:00,EURO,2022911,3624,1693292.142857143,3266.5714285714284
735,2022-01-28 00:00:00+00:00,EURO,1934702,3589,1711411.142857143,3298.8571428571427
736,2022-01-29 00:00:00+00:00,EURO,1877188,3503,1727766.2857142857,3345.1428571428573
737,2022-01-30 00:00:00+00:00,EURO,1663699,2964,1729527.5714285714,3361.285714285714
738,2022-01-31 00:00:00+00:00,EURO,1411625,2920,1730474.857142857,3410.285714285714
739,2022-02-01 00:00:00+00:00,EURO,1227570,3632,1739400.2857142857,3432.714285714286
740,2022-02-02 00:00:00+00:00,EURO,1918141,4060,1722262.2857142857,3470.285714285714
741,2022-02-03 00:00:00+00:00,EURO,1911200,4056,1706303.5714285714,3532.0
742,2022-02-04 00:00:00+00:00,EURO,1802743,3954,1687452.2857142857,3584.1428571428573
743,2022-02-05 00:00:00+00:00,EURO,1671872,4014,1658121.4285714286,3657.1428571428573
744,2022-02-06 00:00:00+00:00,EURO,1469835,3121,1630426.5714285714,3679.5714285714284
745,2022-02-07 00:00:00+00:00,EURO,1209875,3094,1601605.142857143,3704.4285714285716
746,2022-02-08 00:00:00+00:00,EURO,1074305,4044,1579710.142857143,3763.285714285714
747,2022-02-09 00:00:00+00:00,EURO,1890962,4475,1575827.4285714286,3822.5714285714284
748,2022-02-10 00:00:00+00:00,EURO,1603712,4107,1531900.5714285714,3829.8571428571427
749,2022-02-11 00:00:00+00:00,EURO,1504968,4120,1489361.2857142857,3853.5714285714284
750,2022-02-12 00:00:00+00:00,EURO,1363171,3982,1445261.142857143,3849.0
751,2022-02-13 00:00:00+00:00,EURO,1185622,3250,1404659.2857142857,3867.4285714285716
752,2022-02-14 00:00:00+00:00,EURO,934759,3089,1365357.0,3866.714285714286
753,2022-02-15 00:00:00+00:00,EURO,831419,4055,1330659.0,3868.285714285714
754,2022-02-16 00:00:00+00:00,EURO,1183597,4339,1229606.857142857,3848.8571428571427
755,2022-02-17 00:00:00+00:00,EURO,1233105,4107,1176663.0,3848.8571428571427
756,2022-02-18 00:00:00+00:00,EURO,1170122,4093,1128827.857142857,3845.0
757,2022-02-19 00:00:00+00:00,EURO,1077444,3888,1088009.7142857143,3831.5714285714284
758,2022-02-20 00:00:00+00:00,EURO,917137,2970,1049654.7142857143,3791.5714285714284
759,2022-02-21 00:00:00+00:00,EURO,739070,2954,1021699.1428571428,3772.285714285714
760,2022-02-22 00:00:00+00:00,EURO,670472,3620,998706.7142857143,3710.1428571428573
761,2022-02-23 00:00:00+00:00,EURO,950093,3990,965349.0,3660.285714285714
762,2022-02-24 00:00:00+00:00,EURO,980350,3620,929241.1428571428,3590.714285714286
763,2022-02-25 00:00:00+00:00,EURO,896578,3413,890163.4285714285,3493.5714285714284
764,2022-02-26 00:00:00+00:00,EURO,808314,3195,851716.2857142857,3394.5714285714284
765,2022-02-27 00:00:00+00:00,EURO,712041,2704,822416.8571428572,3356.5714285714284
766,2022-02-28 00:00:00+00:00,EURO,551042,2600,795555.7142857143,3306.0
767,2022-03-01 00:00:00+00:00,EURO,507055,3103,772210.4285714285,3232.1428571428573
768,2022-03-02 00:00:00+00:00,EURO,757184,3203,744652.0,3119.714285714286
769,2022-03-03 00:00:00+00:00,EURO,798029,3117,718606.1428571428,3047.8571428571427
770,2022-03-04 00:00:00+00:00,EURO,794012,2934,703953.8571428572,2979.4285714285716
771,2022-03-05 00:00:00+00:00,EURO,782687,2850,700292.8571428572,2930.1428571428573
772,2022-03-06 00:00:00+00:00,EURO,699825,2396,698547.7142857143,2886.1428571428573
773,2022-03-07 00:00:00+00:00,EURO,556725,2159,699359.5714285715,2823.1428571428573
774,2022-03-08 00:00:00+00:00,EURO,517669,2373,700875.8571428572,2718.8571428571427
775,2022-03-09 00:00:00+00:00,EURO,812598,2662,708792.1428571428,2641.5714285714284
776,2022-03-10 00:00:00+00:00,EURO,871289,2593,719257.8571428572,2566.714285714286
777,2022-03-11 00:00:00+00:00,EURO,877614,2416,731201.0,2492.714285714286
778,2022-03-12 00:00:00+00:00,EURO,839473,2327,739313.2857142857,2418.0
779,2022-03-13 00:00:00+00:00,EURO,755944,2025,747330.2857142857,2365.0
780,2022-03-14 00:00:00+00:00,EURO,584975,1820,751366.0,2316.5714285714284
781,2022-03-15 00:00:00+00:00,EURO,535618,2136,753930.1428571428,2282.714285714286
782,2022-03-16 00:00:00+00:00,EURO,899230,2460,766306.1428571428,2253.8571428571427
783,2022-03-17 00:00:00+00:00,EURO,957762,2405,778659.4285714285,2227.0
784,2022-03-18 00:00:00+00:00,EURO,949442,2200,788920.5714285715,2196.1428571428573
785,2022-03-19 00:00:00+00:00,EURO,888217,2142,795884.0,2169.714285714286
786,2022-03-20 00:00:00+00:00,EURO,783081,1712,799760.7142857143,2125.0
787,2022-03-21 00:00:00+00:00,EURO,579943,1717,799041.8571428572,2110.285714285714
788,2022-03-22 00:00:00+00:00,EURO,514675,1911,796050.0,2078.1428571428573
789,2022-03-23 00:00:00+00:00,EURO,957845,2059,804423.5714285715,2020.857142857143
790,2022-03-24 00:00:00+00:00,EURO,971471,2078,806382.0,1974.142857142857
791,2022-03-25 00:00:00+00:00,EURO,944564,1985,805685.1428571428,1943.4285714285713
792,2022-03-26 00:00:00+00:00,EURO,860017,1855,801656.5714285715,1902.4285714285713
793,2022-03-27 00:00:00+00:00,EURO,758109,1567,798089.1428571428,1881.7142857142858
794,2022-03-28 00:00:00+00:00,EURO,555416,1577,794585.2857142857,1861.7142857142858
795,2022-03-29 00:00:00+00:00,EURO,422880,1655,781471.7142857143,1825.142857142857
796,2022-03-30 00:00:00+00:00,EURO,887263,1864,771388.5714285715,1797.2857142857142
797,2022-03-31 00:00:00+00:00,EURO,849146,1932,753913.5714285715,1776.4285714285713
798,2022-04-01 00:00:00+00:00,EURO,801506,1813,733476.7142857143,1751.857142857143
799,2022-04-02 00:00:00+00:00,EURO,705283,1755,711371.8571428572,1737.5714285714287
800,2022-04-03 00:00:00+00:00,EURO,587692,1477,687026.5714285715,1724.7142857142858
801,2022-04-04 00:00:00+00:00,EURO,402111,1374,665125.8571428572,1695.7142857142858
802,2022-04-05 00:00:00+00:00,EURO,296668,1591,647095.5714285715,1686.5714285714287
803,2022-04-06 00:00:00+00:00,EURO,678603,1731,617287.0,1667.5714285714287
804,2022-04-07 00:00:00+00:00,EURO,665122,1704,590997.8571428572,1635.0
805,2022-04-08 00:00:00+00:00,EURO,615230,1602,564387.0,1604.857142857143
806,2022-04-09 00:00:00+00:00,EURO,562531,1570,543993.8571428572,1578.4285714285713
807,2022-04-10 00:00:00+00:00,EURO,499073,1322,531334.0,1556.2857142857142
808,2022-04-11 00:00:00+00:00,EURO,357823,1304,525007.1428571428,1546.2857142857142
809,2022-04-12 00:00:00+00:00,EURO,237179,1480,516508.71428571426,1530.4285714285713
810,2022-04-13 00:00:00+00:00,EURO,575348,1540,501758.0,1503.142857142857
811,2022-04-14 00:00:00+00:00,EURO,554306,1580,485927.14285714284,1485.4285714285713
812,2022-04-15 00:00:00+00:00,EURO,507582,1447,470548.85714285716,1463.2857142857142
813,2022-04-16 00:00:00+00:00,EURO,453484,1370,454970.71428571426,1434.7142857142858
814,2022-04-17 00:00:00+00:00,EURO,329593,1083,430759.28571428574,1400.5714285714287
815,2022-04-18 00:00:00+00:00,EURO,276314,1088,419115.14285714284,1369.7142857142858
816,2022-04-19 00:00:00+00:00,EURO,157349,1103,407710.85714285716,1315.857142857143
817,2022-04-20 00:00:00+00:00,EURO,223954,1265,357511.71428571426,1276.5714285714287
818,2022-04-21 00:00:00+00:00,EURO,556875,1447,357878.71428571426,1257.5714285714287
819,2022-04-22 00:00:00+00:00,EURO,477748,1332,353616.71428571426,1241.142857142857
820,2022-04-23 00:00:00+00:00,EURO,424057,1191,349412.85714285716,1215.5714285714287
821,2022-04-24 00:00:00+00:00,EURO,359343,993,353662.85714285716,1202.7142857142858
822,2022-04-25 00:00:00+00:00,EURO,239669,924,348427.85714285716,1179.2857142857142
823,2022-04-26 00:00:00+00:00,EURO,146088,1020,346819.14285714284,1167.4285714285713
824,2022-04-27 00:00:00+00:00,EURO,334632,1171,362630.28571428574,1154.0
825,2022-04-28 00:00:00+00:00,EURO,410201,1175,341676.85714285716,1115.142857142857
826,2022-04-29 00:00:00+00:00,EURO,355065,1052,324150.71428571426,1075.142857142857
827,2022-04-30 00:00:00+00:00,EURO,299737,1008,306390.71428571426,1049.0
828,2022-05-01 00:00:00+00:00,EURO,263777,826,292738.4285714286,1025.142857142857
829,2022-05-02 00:00:00+00:00,EURO,170463,876,282851.85714285716,1018.2857142857143
830,2022-05-03 00:00:00+00:00,EURO,103975,860,276835.71428571426,995.4285714285714
831,2022-05-04 00:00:00+00:00,EURO,287756,933,270139.14285714284,961.4285714285714
832,2022-05-05 00:00:00+00:00,EURO,302634,900,254772.42857142858,922.1428571428571
833,2022-05-06 00:00:00+00:00,EURO,273846,888,243169.7142857143,898.7142857142857
834,2022-05-07 00:00:00+00:00,EURO,251367,805,236259.7142857143,869.7142857142857
835,2022-05-08 00:00:00+00:00,EURO,225251,682,230756.0,849.1428571428571
836,2022-05-09 00:00:00+00:00,EURO,148361,649,227598.57142857142,816.7142857142857
837,2022-05-10 00:00:00+00:00,EURO,100163,687,227054.0,792.0
838,2022-05-11 00:00:00+00:00,EURO,295959,888,228225.85714285713,785.5714285714286
839,2022-05-12 00:00:00+00:00,EURO,275626,738,224367.57142857142,762.4285714285714
840,2022-05-13 00:00:00+00:00,EURO,246815,702,220506.0,735.8571428571429
841,2022-05-14 00:00:00+00:00,EURO,226080,716,216893.57142857142,723.1428571428571
842,2022-05-15 00:00:00+00:00,EURO,206131,551,214162.14285714287,704.4285714285714
843,2022-05-16 00:00:00+00:00,EURO,127921,515,211242.14285714287,685.2857142857143
844,2022-05-17 00:00:00+00:00,EURO,80743,606,208467.85714285713,673.7142857142857
845,2022-05-18 00:00:00+00:00,EURO,260416,766,203390.2857142857,656.2857142857143
846,2022-05-19 00:00:00+00:00,EURO,221928,594,195719.14285714287,635.7142857142857
847,2022-05-20 00:00:00+00:00,EURO,195630,545,188407.0,613.2857142857143
848,2022-05-21 00:00:00+00:00,EURO,168718,489,180212.42857142858,580.8571428571429
849,2022-05-22 00:00:00+00:00,EURO,154568,414,172846.2857142857,561.2857142857143
850,2022-05-23 00:00:00+00:00,EURO,92973,367,167853.7142857143,540.1428571428571
851,2022-05-24 00:00:00+00:00,EURO,57400,439,164519.0,516.2857142857143
852,2022-05-25 00:00:00+00:00,EURO,184232,614,153635.57142857142,494.57142857142856
853,2022-05-26 00:00:00+00:00,EURO,150704,394,143460.7142857143,466.0
854,2022-05-27 00:00:00+00:00,EURO,120288,298,132697.57142857142,430.7142857142857
